
> app-movilcare-express@1.0.0 dev
> nodemon --watch src --ext ts --exec ts-node -- src/server.ts

[33m[nodemon] 3.1.14[39m
[33m[nodemon] to restart at any time, enter `rs`[39m
[33m[nodemon] watching path(s): src/**/*[39m
[33m[nodemon] watching extensions: ts[39m
[32m[nodemon] starting `ts-node src/server.ts`[39m
◇ injected env (8) from .env // tip: ◈ encrypted .env [www.dotenvx.com]
◇ injected env (0) from .env // tip: ⌘ custom filepath { path: '/custom/path/.env' }
Executing (default): SELECT 1+1 AS result
MySQL connection established
Executing (default): SELECT TABLE_NAME FROM INFORMATION_SCHEMA.TABLES WHERE TABLE_TYPE = 'BASE TABLE' AND TABLE_NAME = 'products' AND TABLE_SCHEMA = 'movil_care'
Executing (default): SHOW FULL COLUMNS FROM `products`;
Executing (default): SELECT CONSTRAINT_NAME as constraint_name,CONSTRAINT_NAME as constraintName,CONSTRAINT_SCHEMA as constraintSchema,CONSTRAINT_SCHEMA as constraintCatalog,TABLE_NAME as tableName,TABLE_SCHEMA as tableSchema,TABLE_SCHEMA as tableCatalog,COLUMN_NAME as columnName,REFERENCED_TABLE_SCHEMA as referencedTableSchema,REFERENCED_TABLE_SCHEMA as referencedTableCatalog,REFERENCED_TABLE_NAME as referencedTableName,REFERENCED_COLUMN_NAME as referencedColumnName FROM INFORMATION_SCHEMA.KEY_COLUMN_USAGE where TABLE_NAME = 'products' AND CONSTRAINT_NAME!='PRIMARY' AND CONSTRAINT_SCHEMA='movil_care' AND REFERENCED_TABLE_NAME IS NOT NULL;
Executing (default): ALTER TABLE `products` CHANGE `sku` `sku` VARCHAR(40) NOT NULL UNIQUE;
Executing (default): ALTER TABLE `products` CHANGE `name` `name` VARCHAR(150) NOT NULL;
Executing (default): ALTER TABLE `products` CHANGE `description` `description` TEXT;
Executing (default): ALTER TABLE `products` CHANGE `type` `type` ENUM('EQUIPMENT', 'ACCESSORY') NOT NULL;
Executing (default): ALTER TABLE `products` CHANGE `brand` `brand` VARCHAR(80);
Executing (default): ALTER TABLE `products` CHANGE `model` `model` VARCHAR(80);
Executing (default): ALTER TABLE `products` CHANGE `requires_serial` `requires_serial` TINYINT(1) NOT NULL DEFAULT false;
Executing (default): ALTER TABLE `products` CHANGE `cost` `cost` DECIMAL(12,2);
Executing (default): ALTER TABLE `products` CHANGE `price` `price` DECIMAL(12,2) NOT NULL;
Executing (default): ALTER TABLE `products` CHANGE `tax_percentage` `tax_percentage` DECIMAL(5,2) NOT NULL DEFAULT 0;
Executing (default): ALTER TABLE `products` CHANGE `default_warranty_months` `default_warranty_months` SMALLINT NOT NULL DEFAULT 0;
Executing (default): ALTER TABLE `products` CHANGE `is_active` `is_active` TINYINT(1) NOT NULL DEFAULT true;
Executing (default): ALTER TABLE `products` CHANGE `created_at` `created_at` DATETIME NOT NULL;
Executing (default): ALTER TABLE `products` CHANGE `updated_at` `updated_at` DATETIME NOT NULL;
Executing (default): SHOW INDEX FROM `products`
Executing (default): SELECT TABLE_NAME FROM INFORMATION_SCHEMA.TABLES WHERE TABLE_TYPE = 'BASE TABLE' AND TABLE_NAME = 'customers' AND TABLE_SCHEMA = 'movil_care'
Executing (default): SHOW FULL COLUMNS FROM `customers`;
Executing (default): SELECT CONSTRAINT_NAME as constraint_name,CONSTRAINT_NAME as constraintName,CONSTRAINT_SCHEMA as constraintSchema,CONSTRAINT_SCHEMA as constraintCatalog,TABLE_NAME as tableName,TABLE_SCHEMA as tableSchema,TABLE_SCHEMA as tableCatalog,COLUMN_NAME as columnName,REFERENCED_TABLE_SCHEMA as referencedTableSchema,REFERENCED_TABLE_SCHEMA as referencedTableCatalog,REFERENCED_TABLE_NAME as referencedTableName,REFERENCED_COLUMN_NAME as referencedColumnName FROM INFORMATION_SCHEMA.KEY_COLUMN_USAGE where TABLE_NAME = 'customers' AND CONSTRAINT_NAME!='PRIMARY' AND CONSTRAINT_SCHEMA='movil_care' AND REFERENCED_TABLE_NAME IS NOT NULL;
Executing (default): ALTER TABLE `customers` CHANGE `document_type` `document_type` ENUM('CC', 'CE', 'NIT', 'PASSPORT', 'TI') NOT NULL;
Executing (default): ALTER TABLE `customers` CHANGE `document_number` `document_number` VARCHAR(30) NOT NULL;
Executing (default): ALTER TABLE `customers` CHANGE `first_name` `first_name` VARCHAR(100) NOT NULL;
Executing (default): ALTER TABLE `customers` CHANGE `last_name` `last_name` VARCHAR(100);
Executing (default): ALTER TABLE `customers` CHANGE `company_name` `company_name` VARCHAR(150);
Executing (default): ALTER TABLE `customers` CHANGE `phone` `phone` VARCHAR(20);
Executing (default): ALTER TABLE `customers` CHANGE `email` `email` VARCHAR(120) UNIQUE;
Executing (default): ALTER TABLE `customers` CHANGE `address` `address` VARCHAR(200);
Executing (default): ALTER TABLE `customers` CHANGE `is_active` `is_active` TINYINT(1) NOT NULL DEFAULT true;
Executing (default): ALTER TABLE `customers` CHANGE `created_at` `created_at` DATETIME NOT NULL;
Executing (default): ALTER TABLE `customers` CHANGE `updated_at` `updated_at` DATETIME NOT NULL;
Executing (default): SHOW INDEX FROM `customers`
Executing (default): SELECT TABLE_NAME FROM INFORMATION_SCHEMA.TABLES WHERE TABLE_TYPE = 'BASE TABLE' AND TABLE_NAME = 'employees' AND TABLE_SCHEMA = 'movil_care'
Executing (default): SHOW FULL COLUMNS FROM `employees`;
Executing (default): SELECT CONSTRAINT_NAME as constraint_name,CONSTRAINT_NAME as constraintName,CONSTRAINT_SCHEMA as constraintSchema,CONSTRAINT_SCHEMA as constraintCatalog,TABLE_NAME as tableName,TABLE_SCHEMA as tableSchema,TABLE_SCHEMA as tableCatalog,COLUMN_NAME as columnName,REFERENCED_TABLE_SCHEMA as referencedTableSchema,REFERENCED_TABLE_SCHEMA as referencedTableCatalog,REFERENCED_TABLE_NAME as referencedTableName,REFERENCED_COLUMN_NAME as referencedColumnName FROM INFORMATION_SCHEMA.KEY_COLUMN_USAGE where TABLE_NAME = 'employees' AND CONSTRAINT_NAME!='PRIMARY' AND CONSTRAINT_SCHEMA='movil_care' AND REFERENCED_TABLE_NAME IS NOT NULL;
Executing (default): ALTER TABLE `employees` CHANGE `name` `name` VARCHAR(150) NOT NULL;
Executing (default): ALTER TABLE `employees` CHANGE `document` `document` VARCHAR(30) UNIQUE;
Executing (default): ALTER TABLE `employees` CHANGE `role` `role` ENUM('SELLER', 'TECHNICIAN', 'ADMIN') NOT NULL;
Executing (default): ALTER TABLE `employees` CHANGE `email` `email` VARCHAR(120) UNIQUE;
Executing (default): ALTER TABLE `employees` CHANGE `is_active` `is_active` TINYINT(1) NOT NULL DEFAULT true;
Executing (default): ALTER TABLE `employees` CHANGE `created_at` `created_at` DATETIME NOT NULL;
Executing (default): ALTER TABLE `employees` CHANGE `updated_at` `updated_at` DATETIME NOT NULL;
Executing (default): SHOW INDEX FROM `employees`
Executing (default): SELECT TABLE_NAME FROM INFORMATION_SCHEMA.TABLES WHERE TABLE_TYPE = 'BASE TABLE' AND TABLE_NAME = 'spare_parts' AND TABLE_SCHEMA = 'movil_care'
Executing (default): SHOW FULL COLUMNS FROM `spare_parts`;
Executing (default): SELECT CONSTRAINT_NAME as constraint_name,CONSTRAINT_NAME as constraintName,CONSTRAINT_SCHEMA as constraintSchema,CONSTRAINT_SCHEMA as constraintCatalog,TABLE_NAME as tableName,TABLE_SCHEMA as tableSchema,TABLE_SCHEMA as tableCatalog,COLUMN_NAME as columnName,REFERENCED_TABLE_SCHEMA as referencedTableSchema,REFERENCED_TABLE_SCHEMA as referencedTableCatalog,REFERENCED_TABLE_NAME as referencedTableName,REFERENCED_COLUMN_NAME as referencedColumnName FROM INFORMATION_SCHEMA.KEY_COLUMN_USAGE where TABLE_NAME = 'spare_parts' AND CONSTRAINT_NAME!='PRIMARY' AND CONSTRAINT_SCHEMA='movil_care' AND REFERENCED_TABLE_NAME IS NOT NULL;
Executing (default): ALTER TABLE `spare_parts` CHANGE `sku` `sku` VARCHAR(40) NOT NULL UNIQUE;
Executing (default): ALTER TABLE `spare_parts` CHANGE `name` `name` VARCHAR(150) NOT NULL;
Executing (default): ALTER TABLE `spare_parts` CHANGE `description` `description` TEXT;
Executing (default): ALTER TABLE `spare_parts` CHANGE `compatibility` `compatibility` VARCHAR(255);
Executing (default): ALTER TABLE `spare_parts` CHANGE `cost` `cost` DECIMAL(12,2);
Executing (default): ALTER TABLE `spare_parts` CHANGE `price` `price` DECIMAL(12,2);
Executing (default): ALTER TABLE `spare_parts` CHANGE `current_stock` `current_stock` INTEGER NOT NULL DEFAULT 0;
Executing (default): ALTER TABLE `spare_parts` CHANGE `minimum_stock` `minimum_stock` INTEGER NOT NULL DEFAULT 0;
Executing (default): ALTER TABLE `spare_parts` CHANGE `is_active` `is_active` TINYINT(1) NOT NULL DEFAULT true;
Executing (default): ALTER TABLE `spare_parts` CHANGE `created_at` `created_at` DATETIME NOT NULL;
Executing (default): ALTER TABLE `spare_parts` CHANGE `updated_at` `updated_at` DATETIME NOT NULL;
Executing (default): SHOW INDEX FROM `spare_parts`
Executing (default): SELECT TABLE_NAME FROM INFORMATION_SCHEMA.TABLES WHERE TABLE_TYPE = 'BASE TABLE' AND TABLE_NAME = 'serialized_units' AND TABLE_SCHEMA = 'movil_care'
Executing (default): SHOW FULL COLUMNS FROM `serialized_units`;
Executing (default): SELECT CONSTRAINT_NAME as constraint_name,CONSTRAINT_NAME as constraintName,CONSTRAINT_SCHEMA as constraintSchema,CONSTRAINT_SCHEMA as constraintCatalog,TABLE_NAME as tableName,TABLE_SCHEMA as tableSchema,TABLE_SCHEMA as tableCatalog,COLUMN_NAME as columnName,REFERENCED_TABLE_SCHEMA as referencedTableSchema,REFERENCED_TABLE_SCHEMA as referencedTableCatalog,REFERENCED_TABLE_NAME as referencedTableName,REFERENCED_COLUMN_NAME as referencedColumnName FROM INFORMATION_SCHEMA.KEY_COLUMN_USAGE where TABLE_NAME = 'serialized_units' AND CONSTRAINT_NAME!='PRIMARY' AND CONSTRAINT_SCHEMA='movil_care' AND REFERENCED_TABLE_NAME IS NOT NULL;
Executing (default): SELECT CONSTRAINT_CATALOG AS constraintCatalog, CONSTRAINT_NAME AS constraintName, CONSTRAINT_SCHEMA AS constraintSchema, CONSTRAINT_TYPE AS constraintType, TABLE_NAME AS tableName, TABLE_SCHEMA AS tableSchema from INFORMATION_SCHEMA.TABLE_CONSTRAINTS WHERE table_name='serialized_units' AND constraint_name = 'serialized_units_ibfk_1' AND TABLE_SCHEMA = 'movil_care';
Executing (default): ALTER TABLE `serialized_units` DROP FOREIGN KEY `serialized_units_ibfk_1`;
Executing (default): ALTER TABLE `serialized_units` ADD FOREIGN KEY (`product_id`) REFERENCES `products` (`id`) ON DELETE RESTRICT ON UPDATE CASCADE;
Executing (default): ALTER TABLE `serialized_units` CHANGE `serial` `serial` VARCHAR(80) NOT NULL UNIQUE;
Executing (default): ALTER TABLE `serialized_units` CHANGE `secondary_serial` `secondary_serial` VARCHAR(80) UNIQUE;
Executing (default): ALTER TABLE `serialized_units` CHANGE `state` `state` ENUM('IN_STOCK', 'SOLD', 'IN_SERVICE', 'RETIRED') NOT NULL DEFAULT 'IN_STOCK';
Executing (default): ALTER TABLE `serialized_units` CHANGE `received_at` `received_at` DATETIME;
Executing (default): ALTER TABLE `serialized_units` CHANGE `is_active` `is_active` TINYINT(1) NOT NULL DEFAULT true;
Executing (default): ALTER TABLE `serialized_units` CHANGE `created_at` `created_at` DATETIME NOT NULL;
Executing (default): ALTER TABLE `serialized_units` CHANGE `updated_at` `updated_at` DATETIME NOT NULL;
Executing (default): SHOW INDEX FROM `serialized_units`
Executing (default): SELECT TABLE_NAME FROM INFORMATION_SCHEMA.TABLES WHERE TABLE_TYPE = 'BASE TABLE' AND TABLE_NAME = 'sales' AND TABLE_SCHEMA = 'movil_care'
Executing (default): SHOW FULL COLUMNS FROM `sales`;
Executing (default): SELECT CONSTRAINT_NAME as constraint_name,CONSTRAINT_NAME as constraintName,CONSTRAINT_SCHEMA as constraintSchema,CONSTRAINT_SCHEMA as constraintCatalog,TABLE_NAME as tableName,TABLE_SCHEMA as tableSchema,TABLE_SCHEMA as tableCatalog,COLUMN_NAME as columnName,REFERENCED_TABLE_SCHEMA as referencedTableSchema,REFERENCED_TABLE_SCHEMA as referencedTableCatalog,REFERENCED_TABLE_NAME as referencedTableName,REFERENCED_COLUMN_NAME as referencedColumnName FROM INFORMATION_SCHEMA.KEY_COLUMN_USAGE where TABLE_NAME = 'sales' AND CONSTRAINT_NAME!='PRIMARY' AND CONSTRAINT_SCHEMA='movil_care' AND REFERENCED_TABLE_NAME IS NOT NULL;
Executing (default): ALTER TABLE `sales` CHANGE `number` `number` VARCHAR(20) NOT NULL UNIQUE;
Executing (default): SELECT CONSTRAINT_CATALOG AS constraintCatalog, CONSTRAINT_NAME AS constraintName, CONSTRAINT_SCHEMA AS constraintSchema, CONSTRAINT_TYPE AS constraintType, TABLE_NAME AS tableName, TABLE_SCHEMA AS tableSchema from INFORMATION_SCHEMA.TABLE_CONSTRAINTS WHERE table_name='sales' AND constraint_name = 'sales_ibfk_27' AND TABLE_SCHEMA = 'movil_care';
Executing (default): ALTER TABLE `sales` DROP FOREIGN KEY `sales_ibfk_27`;
Executing (default): ALTER TABLE `sales` ADD FOREIGN KEY (`customer_id`) REFERENCES `customers` (`id`) ON DELETE RESTRICT ON UPDATE CASCADE;
Executing (default): SELECT CONSTRAINT_CATALOG AS constraintCatalog, CONSTRAINT_NAME AS constraintName, CONSTRAINT_SCHEMA AS constraintSchema, CONSTRAINT_TYPE AS constraintType, TABLE_NAME AS tableName, TABLE_SCHEMA AS tableSchema from INFORMATION_SCHEMA.TABLE_CONSTRAINTS WHERE table_name='sales' AND constraint_name = 'sales_ibfk_28' AND TABLE_SCHEMA = 'movil_care';
Executing (default): ALTER TABLE `sales` DROP FOREIGN KEY `sales_ibfk_28`;
Executing (default): ALTER TABLE `sales` ADD FOREIGN KEY (`seller_id`) REFERENCES `employees` (`id`) ON DELETE RESTRICT ON UPDATE CASCADE;
Executing (default): ALTER TABLE `sales` CHANGE `sold_at` `sold_at` DATETIME NOT NULL;
Executing (default): ALTER TABLE `sales` CHANGE `subtotal` `subtotal` DECIMAL(12,2) NOT NULL DEFAULT 0;
Executing (default): ALTER TABLE `sales` CHANGE `taxes` `taxes` DECIMAL(12,2) NOT NULL DEFAULT 0;
Executing (default): ALTER TABLE `sales` CHANGE `total` `total` DECIMAL(12,2) NOT NULL DEFAULT 0;
Executing (default): ALTER TABLE `sales` CHANGE `discount` `discount` DECIMAL(12,2) NOT NULL DEFAULT 0;
Executing (default): ALTER TABLE `sales` CHANGE `state` `state` ENUM('DRAFT', 'CONFIRMED', 'PAID', 'CANCELLED') NOT NULL DEFAULT 'DRAFT';
Executing (default): ALTER TABLE `sales` CHANGE `created_at` `created_at` DATETIME NOT NULL;
Executing (default): ALTER TABLE `sales` CHANGE `updated_at` `updated_at` DATETIME NOT NULL;
Executing (default): SHOW INDEX FROM `sales`
Executing (default): SELECT TABLE_NAME FROM INFORMATION_SCHEMA.TABLES WHERE TABLE_TYPE = 'BASE TABLE' AND TABLE_NAME = 'sale_details' AND TABLE_SCHEMA = 'movil_care'
Executing (default): SHOW FULL COLUMNS FROM `sale_details`;
Executing (default): SELECT CONSTRAINT_NAME as constraint_name,CONSTRAINT_NAME as constraintName,CONSTRAINT_SCHEMA as constraintSchema,CONSTRAINT_SCHEMA as constraintCatalog,TABLE_NAME as tableName,TABLE_SCHEMA as tableSchema,TABLE_SCHEMA as tableCatalog,COLUMN_NAME as columnName,REFERENCED_TABLE_SCHEMA as referencedTableSchema,REFERENCED_TABLE_SCHEMA as referencedTableCatalog,REFERENCED_TABLE_NAME as referencedTableName,REFERENCED_COLUMN_NAME as referencedColumnName FROM INFORMATION_SCHEMA.KEY_COLUMN_USAGE where TABLE_NAME = 'sale_details' AND CONSTRAINT_NAME!='PRIMARY' AND CONSTRAINT_SCHEMA='movil_care' AND REFERENCED_TABLE_NAME IS NOT NULL;
Executing (default): SELECT CONSTRAINT_CATALOG AS constraintCatalog, CONSTRAINT_NAME AS constraintName, CONSTRAINT_SCHEMA AS constraintSchema, CONSTRAINT_TYPE AS constraintType, TABLE_NAME AS tableName, TABLE_SCHEMA AS tableSchema from INFORMATION_SCHEMA.TABLE_CONSTRAINTS WHERE table_name='sale_details' AND constraint_name = 'sale_details_ibfk_40' AND TABLE_SCHEMA = 'movil_care';
Executing (default): ALTER TABLE `sale_details` DROP FOREIGN KEY `sale_details_ibfk_40`;
Executing (default): ALTER TABLE `sale_details` ADD FOREIGN KEY (`sale_id`) REFERENCES `sales` (`id`) ON DELETE RESTRICT ON UPDATE CASCADE;
Executing (default): SELECT CONSTRAINT_CATALOG AS constraintCatalog, CONSTRAINT_NAME AS constraintName, CONSTRAINT_SCHEMA AS constraintSchema, CONSTRAINT_TYPE AS constraintType, TABLE_NAME AS tableName, TABLE_SCHEMA AS tableSchema from INFORMATION_SCHEMA.TABLE_CONSTRAINTS WHERE table_name='sale_details' AND constraint_name = 'sale_details_ibfk_41' AND TABLE_SCHEMA = 'movil_care';
Executing (default): ALTER TABLE `sale_details` DROP FOREIGN KEY `sale_details_ibfk_41`;
Executing (default): ALTER TABLE `sale_details` ADD FOREIGN KEY (`product_id`) REFERENCES `products` (`id`) ON DELETE RESTRICT ON UPDATE CASCADE;
Executing (default): SELECT CONSTRAINT_CATALOG AS constraintCatalog, CONSTRAINT_NAME AS constraintName, CONSTRAINT_SCHEMA AS constraintSchema, CONSTRAINT_TYPE AS constraintType, TABLE_NAME AS tableName, TABLE_SCHEMA AS tableSchema from INFORMATION_SCHEMA.TABLE_CONSTRAINTS WHERE table_name='sale_details' AND constraint_name = 'sale_details_ibfk_42' AND TABLE_SCHEMA = 'movil_care';
Executing (default): ALTER TABLE `sale_details` DROP FOREIGN KEY `sale_details_ibfk_42`;
Executing (default): ALTER TABLE `sale_details` ADD FOREIGN KEY (`serialized_unit_id`) REFERENCES `serialized_units` (`id`) ON DELETE RESTRICT ON UPDATE CASCADE;
Executing (default): ALTER TABLE `sale_details` CHANGE `quantity` `quantity` INTEGER NOT NULL;
Executing (default): ALTER TABLE `sale_details` CHANGE `unit_price` `unit_price` DECIMAL(12,2) NOT NULL;
Executing (default): ALTER TABLE `sale_details` CHANGE `discount` `discount` DECIMAL(12,2) NOT NULL DEFAULT 0;
Executing (default): ALTER TABLE `sale_details` CHANGE `tax_percentage` `tax_percentage` DECIMAL(5,2) DEFAULT 0;
Executing (default): ALTER TABLE `sale_details` CHANGE `total` `total` DECIMAL(12,2) NOT NULL;
Executing (default): ALTER TABLE `sale_details` CHANGE `notes` `notes` VARCHAR(255);
Executing (default): ALTER TABLE `sale_details` CHANGE `created_at` `created_at` DATETIME NOT NULL;
Executing (default): ALTER TABLE `sale_details` CHANGE `updated_at` `updated_at` DATETIME NOT NULL;
Executing (default): SHOW INDEX FROM `sale_details`
Executing (default): SELECT TABLE_NAME FROM INFORMATION_SCHEMA.TABLES WHERE TABLE_TYPE = 'BASE TABLE' AND TABLE_NAME = 'warranties' AND TABLE_SCHEMA = 'movil_care'
Executing (default): SHOW FULL COLUMNS FROM `warranties`;
Executing (default): SELECT CONSTRAINT_NAME as constraint_name,CONSTRAINT_NAME as constraintName,CONSTRAINT_SCHEMA as constraintSchema,CONSTRAINT_SCHEMA as constraintCatalog,TABLE_NAME as tableName,TABLE_SCHEMA as tableSchema,TABLE_SCHEMA as tableCatalog,COLUMN_NAME as columnName,REFERENCED_TABLE_SCHEMA as referencedTableSchema,REFERENCED_TABLE_SCHEMA as referencedTableCatalog,REFERENCED_TABLE_NAME as referencedTableName,REFERENCED_COLUMN_NAME as referencedColumnName FROM INFORMATION_SCHEMA.KEY_COLUMN_USAGE where TABLE_NAME = 'warranties' AND CONSTRAINT_NAME!='PRIMARY' AND CONSTRAINT_SCHEMA='movil_care' AND REFERENCED_TABLE_NAME IS NOT NULL;
Executing (default): SELECT CONSTRAINT_CATALOG AS constraintCatalog, CONSTRAINT_NAME AS constraintName, CONSTRAINT_SCHEMA AS constraintSchema, CONSTRAINT_TYPE AS constraintType, TABLE_NAME AS tableName, TABLE_SCHEMA AS tableSchema from INFORMATION_SCHEMA.TABLE_CONSTRAINTS WHERE table_name='warranties' AND constraint_name = 'warranties_ibfk_15' AND TABLE_SCHEMA = 'movil_care';
Executing (default): ALTER TABLE `warranties` DROP FOREIGN KEY `warranties_ibfk_15`;
Executing (default): ALTER TABLE `warranties` ADD FOREIGN KEY (`sale_detail_id`) REFERENCES `sale_details` (`id`) ON DELETE RESTRICT ON UPDATE CASCADE;
Executing (default): SELECT CONSTRAINT_CATALOG AS constraintCatalog, CONSTRAINT_NAME AS constraintName, CONSTRAINT_SCHEMA AS constraintSchema, CONSTRAINT_TYPE AS constraintType, TABLE_NAME AS tableName, TABLE_SCHEMA AS tableSchema from INFORMATION_SCHEMA.TABLE_CONSTRAINTS WHERE table_name='warranties' AND constraint_name = 'warranties_ibfk_16' AND TABLE_SCHEMA = 'movil_care';
Executing (default): ALTER TABLE `warranties` DROP FOREIGN KEY `warranties_ibfk_16`;
Executing (default): ALTER TABLE `warranties` ADD FOREIGN KEY (`serialized_unit_id`) REFERENCES `serialized_units` (`id`) ON DELETE RESTRICT ON UPDATE CASCADE;
Executing (default): ALTER TABLE `warranties` CHANGE `type` `type` ENUM('COMMERCIAL', 'EXTENDED', 'SUPPLIER') NOT NULL;
Executing (default): ALTER TABLE `warranties` CHANGE `coverage_description` `coverage_description` TEXT;
Executing (default): ALTER TABLE `warranties` CHANGE `start_date` `start_date` DATETIME NOT NULL;
Executing (default): ALTER TABLE `warranties` CHANGE `end_date` `end_date` DATETIME NOT NULL;
Executing (default): ALTER TABLE `warranties` CHANGE `state` `state` ENUM('VALID', 'EXPIRED', 'CANCELLED', 'CONSUMED') NOT NULL DEFAULT 'VALID';
Executing (default): ALTER TABLE `warranties` CHANGE `is_active` `is_active` TINYINT(1) NOT NULL DEFAULT true;
Executing (default): ALTER TABLE `warranties` CHANGE `created_at` `created_at` DATETIME NOT NULL;
Executing (default): ALTER TABLE `warranties` CHANGE `updated_at` `updated_at` DATETIME NOT NULL;
Executing (default): SHOW INDEX FROM `warranties`
Executing (default): SELECT TABLE_NAME FROM INFORMATION_SCHEMA.TABLES WHERE TABLE_TYPE = 'BASE TABLE' AND TABLE_NAME = 'service_orders' AND TABLE_SCHEMA = 'movil_care'
Executing (default): SHOW FULL COLUMNS FROM `service_orders`;
Executing (default): SELECT CONSTRAINT_NAME as constraint_name,CONSTRAINT_NAME as constraintName,CONSTRAINT_SCHEMA as constraintSchema,CONSTRAINT_SCHEMA as constraintCatalog,TABLE_NAME as tableName,TABLE_SCHEMA as tableSchema,TABLE_SCHEMA as tableCatalog,COLUMN_NAME as columnName,REFERENCED_TABLE_SCHEMA as referencedTableSchema,REFERENCED_TABLE_SCHEMA as referencedTableCatalog,REFERENCED_TABLE_NAME as referencedTableName,REFERENCED_COLUMN_NAME as referencedColumnName FROM INFORMATION_SCHEMA.KEY_COLUMN_USAGE where TABLE_NAME = 'service_orders' AND CONSTRAINT_NAME!='PRIMARY' AND CONSTRAINT_SCHEMA='movil_care' AND REFERENCED_TABLE_NAME IS NOT NULL;
Executing (default): ALTER TABLE `service_orders` CHANGE `number` `number` VARCHAR(20) NOT NULL UNIQUE;
Executing (default): SELECT CONSTRAINT_CATALOG AS constraintCatalog, CONSTRAINT_NAME AS constraintName, CONSTRAINT_SCHEMA AS constraintSchema, CONSTRAINT_TYPE AS constraintType, TABLE_NAME AS tableName, TABLE_SCHEMA AS tableSchema from INFORMATION_SCHEMA.TABLE_CONSTRAINTS WHERE table_name='service_orders' AND constraint_name = 'service_orders_ibfk_16' AND TABLE_SCHEMA = 'movil_care';
Executing (default): ALTER TABLE `service_orders` DROP FOREIGN KEY `service_orders_ibfk_16`;
Executing (default): ALTER TABLE `service_orders` ADD FOREIGN KEY (`customer_id`) REFERENCES `customers` (`id`) ON DELETE RESTRICT ON UPDATE CASCADE;
Executing (default): SELECT CONSTRAINT_CATALOG AS constraintCatalog, CONSTRAINT_NAME AS constraintName, CONSTRAINT_SCHEMA AS constraintSchema, CONSTRAINT_TYPE AS constraintType, TABLE_NAME AS tableName, TABLE_SCHEMA AS tableSchema from INFORMATION_SCHEMA.TABLE_CONSTRAINTS WHERE table_name='service_orders' AND constraint_name = 'service_orders_ibfk_17' AND TABLE_SCHEMA = 'movil_care';
Executing (default): ALTER TABLE `service_orders` DROP FOREIGN KEY `service_orders_ibfk_17`;
Executing (default): ALTER TABLE `service_orders` ADD FOREIGN KEY (`serialized_unit_id`) REFERENCES `serialized_units` (`id`) ON DELETE RESTRICT ON UPDATE CASCADE;
Executing (default): SELECT CONSTRAINT_CATALOG AS constraintCatalog, CONSTRAINT_NAME AS constraintName, CONSTRAINT_SCHEMA AS constraintSchema, CONSTRAINT_TYPE AS constraintType, TABLE_NAME AS tableName, TABLE_SCHEMA AS tableSchema from INFORMATION_SCHEMA.TABLE_CONSTRAINTS WHERE table_name='service_orders' AND constraint_name = 'service_orders_ibfk_18' AND TABLE_SCHEMA = 'movil_care';
Executing (default): ALTER TABLE `service_orders` DROP FOREIGN KEY `service_orders_ibfk_18`;
Executing (default): ALTER TABLE `service_orders` ADD FOREIGN KEY (`technician_id`) REFERENCES `employees` (`id`) ON DELETE RESTRICT ON UPDATE CASCADE;
Executing (default): ALTER TABLE `service_orders` CHANGE `service_type` `service_type` ENUM('COMMERCIAL_WARRANTY', 'PAID_REPAIR', 'RECURRENCE') NOT NULL;
Executing (default): SELECT CONSTRAINT_CATALOG AS constraintCatalog, CONSTRAINT_NAME AS constraintName, CONSTRAINT_SCHEMA AS constraintSchema, CONSTRAINT_TYPE AS constraintType, TABLE_NAME AS tableName, TABLE_SCHEMA AS tableSchema from INFORMATION_SCHEMA.TABLE_CONSTRAINTS WHERE table_name='service_orders' AND constraint_name = 'service_orders_ibfk_19' AND TABLE_SCHEMA = 'movil_care';
Executing (default): ALTER TABLE `service_orders` DROP FOREIGN KEY `service_orders_ibfk_19`;
Executing (default): ALTER TABLE `service_orders` ADD FOREIGN KEY (`warranty_id`) REFERENCES `warranties` (`id`) ON DELETE RESTRICT ON UPDATE CASCADE;
Executing (default): SELECT CONSTRAINT_CATALOG AS constraintCatalog, CONSTRAINT_NAME AS constraintName, CONSTRAINT_SCHEMA AS constraintSchema, CONSTRAINT_TYPE AS constraintType, TABLE_NAME AS tableName, TABLE_SCHEMA AS tableSchema from INFORMATION_SCHEMA.TABLE_CONSTRAINTS WHERE table_name='service_orders' AND constraint_name = 'service_orders_ibfk_20' AND TABLE_SCHEMA = 'movil_care';
Executing (default): ALTER TABLE `service_orders` DROP FOREIGN KEY `service_orders_ibfk_20`;
Executing (default): ALTER TABLE `service_orders` ADD FOREIGN KEY (`origin_order_id`) REFERENCES `service_orders` (`id`) ON DELETE RESTRICT ON UPDATE CASCADE;
Executing (default): ALTER TABLE `service_orders` CHANGE `reported_issue` `reported_issue` TEXT NOT NULL;
Executing (default): ALTER TABLE `service_orders` CHANGE `intake_condition` `intake_condition` TEXT;
Executing (default): ALTER TABLE `service_orders` CHANGE `received_accessories` `received_accessories` VARCHAR(255);
Executing (default): ALTER TABLE `service_orders` CHANGE `opened_at` `opened_at` DATETIME NOT NULL;
Executing (default): ALTER TABLE `service_orders` CHANGE `estimated_delivery_date` `estimated_delivery_date` DATETIME;
Executing (default): ALTER TABLE `service_orders` CHANGE `closed_at` `closed_at` DATETIME;
Executing (default): ALTER TABLE `service_orders` CHANGE `total` `total` DECIMAL(12,2) NOT NULL DEFAULT 0;
Executing (default): ALTER TABLE `service_orders` CHANGE `state` `state` ENUM('RECEIVED', 'DIAGNOSING', 'AWAITING_AUTHORIZATION', 'IN_REPAIR', 'READY', 'DELIVERED', 'REJECTED', 'CANCELLED') NOT NULL DEFAULT 'RECEIVED';
Executing (default): ALTER TABLE `service_orders` CHANGE `created_at` `created_at` DATETIME NOT NULL;
Executing (default): ALTER TABLE `service_orders` CHANGE `updated_at` `updated_at` DATETIME NOT NULL;
Executing (default): SHOW INDEX FROM `service_orders`
Executing (default): SELECT TABLE_NAME FROM INFORMATION_SCHEMA.TABLES WHERE TABLE_TYPE = 'BASE TABLE' AND TABLE_NAME = 'diagnostics' AND TABLE_SCHEMA = 'movil_care'
Executing (default): SHOW FULL COLUMNS FROM `diagnostics`;
Executing (default): SELECT CONSTRAINT_NAME as constraint_name,CONSTRAINT_NAME as constraintName,CONSTRAINT_SCHEMA as constraintSchema,CONSTRAINT_SCHEMA as constraintCatalog,TABLE_NAME as tableName,TABLE_SCHEMA as tableSchema,TABLE_SCHEMA as tableCatalog,COLUMN_NAME as columnName,REFERENCED_TABLE_SCHEMA as referencedTableSchema,REFERENCED_TABLE_SCHEMA as referencedTableCatalog,REFERENCED_TABLE_NAME as referencedTableName,REFERENCED_COLUMN_NAME as referencedColumnName FROM INFORMATION_SCHEMA.KEY_COLUMN_USAGE where TABLE_NAME = 'diagnostics' AND CONSTRAINT_NAME!='PRIMARY' AND CONSTRAINT_SCHEMA='movil_care' AND REFERENCED_TABLE_NAME IS NOT NULL;
Executing (default): SELECT CONSTRAINT_CATALOG AS constraintCatalog, CONSTRAINT_NAME AS constraintName, CONSTRAINT_SCHEMA AS constraintSchema, CONSTRAINT_TYPE AS constraintType, TABLE_NAME AS tableName, TABLE_SCHEMA AS tableSchema from INFORMATION_SCHEMA.TABLE_CONSTRAINTS WHERE table_name='diagnostics' AND constraint_name = 'diagnostics_ibfk_7' AND TABLE_SCHEMA = 'movil_care';
Executing (default): ALTER TABLE `diagnostics` DROP FOREIGN KEY `diagnostics_ibfk_7`;
Executing (default): ALTER TABLE `diagnostics` ADD FOREIGN KEY (`service_order_id`) REFERENCES `service_orders` (`id`) ON DELETE RESTRICT ON UPDATE CASCADE;
Executing (default): SELECT CONSTRAINT_CATALOG AS constraintCatalog, CONSTRAINT_NAME AS constraintName, CONSTRAINT_SCHEMA AS constraintSchema, CONSTRAINT_TYPE AS constraintType, TABLE_NAME AS tableName, TABLE_SCHEMA AS tableSchema from INFORMATION_SCHEMA.TABLE_CONSTRAINTS WHERE table_name='diagnostics' AND constraint_name = 'diagnostics_ibfk_8' AND TABLE_SCHEMA = 'movil_care';
Executing (default): ALTER TABLE `diagnostics` DROP FOREIGN KEY `diagnostics_ibfk_8`;
Executing (default): ALTER TABLE `diagnostics` ADD FOREIGN KEY (`technician_id`) REFERENCES `employees` (`id`) ON DELETE RESTRICT ON UPDATE CASCADE;
Executing (default): ALTER TABLE `diagnostics` CHANGE `description` `description` TEXT NOT NULL;
Executing (default): ALTER TABLE `diagnostics` CHANGE `cause` `cause` ENUM('FACTORY_DEFECT', 'WEAR', 'MISUSE', 'MOISTURE', 'IMPACT', 'OTHER') NOT NULL;
Executing (default): ALTER TABLE `diagnostics` CHANGE `warranty_covered` `warranty_covered` TINYINT(1);
Executing (default): ALTER TABLE `diagnostics` CHANGE `labor_cost` `labor_cost` DECIMAL(12,2) NOT NULL DEFAULT 0;
Executing (default): ALTER TABLE `diagnostics` CHANGE `estimated_total` `estimated_total` DECIMAL(12,2) NOT NULL DEFAULT 0;
Executing (default): ALTER TABLE `diagnostics` CHANGE `diagnosed_at` `diagnosed_at` DATETIME NOT NULL;
Executing (default): ALTER TABLE `diagnostics` CHANGE `created_at` `created_at` DATETIME NOT NULL;
Executing (default): ALTER TABLE `diagnostics` CHANGE `updated_at` `updated_at` DATETIME NOT NULL;
Executing (default): SHOW INDEX FROM `diagnostics`
Executing (default): SELECT TABLE_NAME FROM INFORMATION_SCHEMA.TABLES WHERE TABLE_TYPE = 'BASE TABLE' AND TABLE_NAME = 'service_authorizations' AND TABLE_SCHEMA = 'movil_care'
Executing (default): SHOW FULL COLUMNS FROM `service_authorizations`;
Executing (default): SELECT CONSTRAINT_NAME as constraint_name,CONSTRAINT_NAME as constraintName,CONSTRAINT_SCHEMA as constraintSchema,CONSTRAINT_SCHEMA as constraintCatalog,TABLE_NAME as tableName,TABLE_SCHEMA as tableSchema,TABLE_SCHEMA as tableCatalog,COLUMN_NAME as columnName,REFERENCED_TABLE_SCHEMA as referencedTableSchema,REFERENCED_TABLE_SCHEMA as referencedTableCatalog,REFERENCED_TABLE_NAME as referencedTableName,REFERENCED_COLUMN_NAME as referencedColumnName FROM INFORMATION_SCHEMA.KEY_COLUMN_USAGE where TABLE_NAME = 'service_authorizations' AND CONSTRAINT_NAME!='PRIMARY' AND CONSTRAINT_SCHEMA='movil_care' AND REFERENCED_TABLE_NAME IS NOT NULL;
Executing (default): SELECT CONSTRAINT_CATALOG AS constraintCatalog, CONSTRAINT_NAME AS constraintName, CONSTRAINT_SCHEMA AS constraintSchema, CONSTRAINT_TYPE AS constraintType, TABLE_NAME AS tableName, TABLE_SCHEMA AS tableSchema from INFORMATION_SCHEMA.TABLE_CONSTRAINTS WHERE table_name='service_authorizations' AND constraint_name = 'service_authorizations_ibfk_7' AND TABLE_SCHEMA = 'movil_care';
Executing (default): ALTER TABLE `service_authorizations` DROP FOREIGN KEY `service_authorizations_ibfk_7`;
Executing (default): ALTER TABLE `service_authorizations` ADD FOREIGN KEY (`diagnostic_id`) REFERENCES `diagnostics` (`id`) ON DELETE RESTRICT ON UPDATE CASCADE;
Executing (default): ALTER TABLE `service_authorizations` CHANGE `state` `state` ENUM('PENDING', 'APPROVED', 'REJECTED') NOT NULL;
Executing (default): ALTER TABLE `service_authorizations` CHANGE `authorized_amount` `authorized_amount` DECIMAL(12,2) NOT NULL;
Executing (default): ALTER TABLE `service_authorizations` CHANGE `channel` `channel` ENUM('IN_PERSON', 'PHONE', 'WHATSAPP', 'EMAIL', 'DIGITAL_SIGNATURE') NOT NULL;
Executing (default): ALTER TABLE `service_authorizations` CHANGE `responded_at` `responded_at` DATETIME;
Executing (default): ALTER TABLE `service_authorizations` CHANGE `notes` `notes` VARCHAR(255);
Executing (default): SELECT CONSTRAINT_CATALOG AS constraintCatalog, CONSTRAINT_NAME AS constraintName, CONSTRAINT_SCHEMA AS constraintSchema, CONSTRAINT_TYPE AS constraintType, TABLE_NAME AS tableName, TABLE_SCHEMA AS tableSchema from INFORMATION_SCHEMA.TABLE_CONSTRAINTS WHERE table_name='service_authorizations' AND constraint_name = 'service_authorizations_ibfk_8' AND TABLE_SCHEMA = 'movil_care';
Executing (default): ALTER TABLE `service_authorizations` DROP FOREIGN KEY `service_authorizations_ibfk_8`;
Executing (default): ALTER TABLE `service_authorizations` ADD FOREIGN KEY (`recorded_by`) REFERENCES `employees` (`id`) ON DELETE RESTRICT ON UPDATE CASCADE;
Executing (default): ALTER TABLE `service_authorizations` CHANGE `created_at` `created_at` DATETIME NOT NULL;
Executing (default): ALTER TABLE `service_authorizations` CHANGE `updated_at` `updated_at` DATETIME NOT NULL;
Executing (default): SHOW INDEX FROM `service_authorizations`
🚀 Servidor ejecutándose en puerto 4000
[0mGET /api/clientes [33m404[0m 18.148 ms - 151[0m
[32m[nodemon] restarting due to changes...[39m
[32m[nodemon] starting `ts-node src/server.ts`[39m
◇ injected env (8) from .env // tip: ⌘ override existing { override: true }
◇ injected env (0) from .env // tip: ⌘ enable debugging { debug: true }
Executing (default): SELECT 1+1 AS result
MySQL connection established
Executing (default): SELECT TABLE_NAME FROM INFORMATION_SCHEMA.TABLES WHERE TABLE_TYPE = 'BASE TABLE' AND TABLE_NAME = 'products' AND TABLE_SCHEMA = 'movil_care'
Executing (default): SHOW FULL COLUMNS FROM `products`;
Executing (default): SELECT CONSTRAINT_NAME as constraint_name,CONSTRAINT_NAME as constraintName,CONSTRAINT_SCHEMA as constraintSchema,CONSTRAINT_SCHEMA as constraintCatalog,TABLE_NAME as tableName,TABLE_SCHEMA as tableSchema,TABLE_SCHEMA as tableCatalog,COLUMN_NAME as columnName,REFERENCED_TABLE_SCHEMA as referencedTableSchema,REFERENCED_TABLE_SCHEMA as referencedTableCatalog,REFERENCED_TABLE_NAME as referencedTableName,REFERENCED_COLUMN_NAME as referencedColumnName FROM INFORMATION_SCHEMA.KEY_COLUMN_USAGE where TABLE_NAME = 'products' AND CONSTRAINT_NAME!='PRIMARY' AND CONSTRAINT_SCHEMA='movil_care' AND REFERENCED_TABLE_NAME IS NOT NULL;
Executing (default): ALTER TABLE `products` CHANGE `sku` `sku` VARCHAR(40) NOT NULL UNIQUE;
[32m[nodemon] restarting due to changes...[39m
[32m[nodemon] starting `ts-node src/server.ts`[39m
[32m[nodemon] restarting due to changes...[39m
[32m[nodemon] restarting due to changes...[39m
[32m[nodemon] starting `ts-node src/server.ts`[39m
◇ injected env (8) from .env // tip: ◈ secrets for agents [www.dotenvx.com]
◇ injected env (0) from .env // tip: ◈ secrets for agents [www.dotenvx.com]
Executing (default): SELECT 1+1 AS result
MySQL connection established
Executing (default): SELECT TABLE_NAME FROM INFORMATION_SCHEMA.TABLES WHERE TABLE_TYPE = 'BASE TABLE' AND TABLE_NAME = 'products' AND TABLE_SCHEMA = 'movil_care'
Executing (default): SHOW FULL COLUMNS FROM `products`;
Executing (default): SELECT CONSTRAINT_NAME as constraint_name,CONSTRAINT_NAME as constraintName,CONSTRAINT_SCHEMA as constraintSchema,CONSTRAINT_SCHEMA as constraintCatalog,TABLE_NAME as tableName,TABLE_SCHEMA as tableSchema,TABLE_SCHEMA as tableCatalog,COLUMN_NAME as columnName,REFERENCED_TABLE_SCHEMA as referencedTableSchema,REFERENCED_TABLE_SCHEMA as referencedTableCatalog,REFERENCED_TABLE_NAME as referencedTableName,REFERENCED_COLUMN_NAME as referencedColumnName FROM INFORMATION_SCHEMA.KEY_COLUMN_USAGE where TABLE_NAME = 'products' AND CONSTRAINT_NAME!='PRIMARY' AND CONSTRAINT_SCHEMA='movil_care' AND REFERENCED_TABLE_NAME IS NOT NULL;
Executing (default): ALTER TABLE `products` CHANGE `sku` `sku` VARCHAR(40) NOT NULL UNIQUE;
Executing (default): ALTER TABLE `products` CHANGE `name` `name` VARCHAR(150) NOT NULL;
Executing (default): ALTER TABLE `products` CHANGE `description` `description` TEXT;
Executing (default): ALTER TABLE `products` CHANGE `type` `type` ENUM('EQUIPMENT', 'ACCESSORY') NOT NULL;
Executing (default): ALTER TABLE `products` CHANGE `brand` `brand` VARCHAR(80);
Executing (default): ALTER TABLE `products` CHANGE `model` `model` VARCHAR(80);
Executing (default): ALTER TABLE `products` CHANGE `requires_serial` `requires_serial` TINYINT(1) NOT NULL DEFAULT false;
Executing (default): ALTER TABLE `products` CHANGE `cost` `cost` DECIMAL(12,2);
Executing (default): ALTER TABLE `products` CHANGE `price` `price` DECIMAL(12,2) NOT NULL;
Executing (default): ALTER TABLE `products` CHANGE `tax_percentage` `tax_percentage` DECIMAL(5,2) NOT NULL DEFAULT 0;
Executing (default): ALTER TABLE `products` CHANGE `default_warranty_months` `default_warranty_months` SMALLINT NOT NULL DEFAULT 0;
Executing (default): ALTER TABLE `products` CHANGE `is_active` `is_active` TINYINT(1) NOT NULL DEFAULT true;
Executing (default): ALTER TABLE `products` CHANGE `created_at` `created_at` DATETIME NOT NULL;
Executing (default): ALTER TABLE `products` CHANGE `updated_at` `updated_at` DATETIME NOT NULL;
Executing (default): SHOW INDEX FROM `products`
Executing (default): SELECT TABLE_NAME FROM INFORMATION_SCHEMA.TABLES WHERE TABLE_TYPE = 'BASE TABLE' AND TABLE_NAME = 'customers' AND TABLE_SCHEMA = 'movil_care'
Executing (default): SHOW FULL COLUMNS FROM `customers`;
Executing (default): SELECT CONSTRAINT_NAME as constraint_name,CONSTRAINT_NAME as constraintName,CONSTRAINT_SCHEMA as constraintSchema,CONSTRAINT_SCHEMA as constraintCatalog,TABLE_NAME as tableName,TABLE_SCHEMA as tableSchema,TABLE_SCHEMA as tableCatalog,COLUMN_NAME as columnName,REFERENCED_TABLE_SCHEMA as referencedTableSchema,REFERENCED_TABLE_SCHEMA as referencedTableCatalog,REFERENCED_TABLE_NAME as referencedTableName,REFERENCED_COLUMN_NAME as referencedColumnName FROM INFORMATION_SCHEMA.KEY_COLUMN_USAGE where TABLE_NAME = 'customers' AND CONSTRAINT_NAME!='PRIMARY' AND CONSTRAINT_SCHEMA='movil_care' AND REFERENCED_TABLE_NAME IS NOT NULL;
Executing (default): ALTER TABLE `customers` CHANGE `document_type` `document_type` ENUM('CC', 'CE', 'NIT', 'PASSPORT', 'TI') NOT NULL;
Executing (default): ALTER TABLE `customers` CHANGE `document_number` `document_number` VARCHAR(30) NOT NULL;
Executing (default): ALTER TABLE `customers` CHANGE `first_name` `first_name` VARCHAR(100) NOT NULL;
Executing (default): ALTER TABLE `customers` CHANGE `last_name` `last_name` VARCHAR(100);
Executing (default): ALTER TABLE `customers` CHANGE `company_name` `company_name` VARCHAR(150);
Executing (default): ALTER TABLE `customers` CHANGE `phone` `phone` VARCHAR(20);
Executing (default): ALTER TABLE `customers` CHANGE `email` `email` VARCHAR(120) UNIQUE;
Executing (default): ALTER TABLE `customers` CHANGE `address` `address` VARCHAR(200);
Executing (default): ALTER TABLE `customers` CHANGE `is_active` `is_active` TINYINT(1) NOT NULL DEFAULT true;
Executing (default): ALTER TABLE `customers` CHANGE `created_at` `created_at` DATETIME NOT NULL;
Executing (default): ALTER TABLE `customers` CHANGE `updated_at` `updated_at` DATETIME NOT NULL;
Executing (default): SHOW INDEX FROM `customers`
Executing (default): SELECT TABLE_NAME FROM INFORMATION_SCHEMA.TABLES WHERE TABLE_TYPE = 'BASE TABLE' AND TABLE_NAME = 'employees' AND TABLE_SCHEMA = 'movil_care'
Executing (default): SHOW FULL COLUMNS FROM `employees`;
Executing (default): SELECT CONSTRAINT_NAME as constraint_name,CONSTRAINT_NAME as constraintName,CONSTRAINT_SCHEMA as constraintSchema,CONSTRAINT_SCHEMA as constraintCatalog,TABLE_NAME as tableName,TABLE_SCHEMA as tableSchema,TABLE_SCHEMA as tableCatalog,COLUMN_NAME as columnName,REFERENCED_TABLE_SCHEMA as referencedTableSchema,REFERENCED_TABLE_SCHEMA as referencedTableCatalog,REFERENCED_TABLE_NAME as referencedTableName,REFERENCED_COLUMN_NAME as referencedColumnName FROM INFORMATION_SCHEMA.KEY_COLUMN_USAGE where TABLE_NAME = 'employees' AND CONSTRAINT_NAME!='PRIMARY' AND CONSTRAINT_SCHEMA='movil_care' AND REFERENCED_TABLE_NAME IS NOT NULL;
Executing (default): ALTER TABLE `employees` CHANGE `name` `name` VARCHAR(150) NOT NULL;
Executing (default): ALTER TABLE `employees` CHANGE `document` `document` VARCHAR(30) UNIQUE;
Executing (default): ALTER TABLE `employees` CHANGE `role` `role` ENUM('SELLER', 'TECHNICIAN', 'ADMIN') NOT NULL;
Executing (default): ALTER TABLE `employees` CHANGE `email` `email` VARCHAR(120) UNIQUE;
Executing (default): ALTER TABLE `employees` CHANGE `is_active` `is_active` TINYINT(1) NOT NULL DEFAULT true;
Executing (default): ALTER TABLE `employees` CHANGE `created_at` `created_at` DATETIME NOT NULL;
Executing (default): ALTER TABLE `employees` CHANGE `updated_at` `updated_at` DATETIME NOT NULL;
Executing (default): SHOW INDEX FROM `employees`
Executing (default): SELECT TABLE_NAME FROM INFORMATION_SCHEMA.TABLES WHERE TABLE_TYPE = 'BASE TABLE' AND TABLE_NAME = 'spare_parts' AND TABLE_SCHEMA = 'movil_care'
Executing (default): SHOW FULL COLUMNS FROM `spare_parts`;
Executing (default): SELECT CONSTRAINT_NAME as constraint_name,CONSTRAINT_NAME as constraintName,CONSTRAINT_SCHEMA as constraintSchema,CONSTRAINT_SCHEMA as constraintCatalog,TABLE_NAME as tableName,TABLE_SCHEMA as tableSchema,TABLE_SCHEMA as tableCatalog,COLUMN_NAME as columnName,REFERENCED_TABLE_SCHEMA as referencedTableSchema,REFERENCED_TABLE_SCHEMA as referencedTableCatalog,REFERENCED_TABLE_NAME as referencedTableName,REFERENCED_COLUMN_NAME as referencedColumnName FROM INFORMATION_SCHEMA.KEY_COLUMN_USAGE where TABLE_NAME = 'spare_parts' AND CONSTRAINT_NAME!='PRIMARY' AND CONSTRAINT_SCHEMA='movil_care' AND REFERENCED_TABLE_NAME IS NOT NULL;
Executing (default): ALTER TABLE `spare_parts` CHANGE `sku` `sku` VARCHAR(40) NOT NULL UNIQUE;
Executing (default): ALTER TABLE `spare_parts` CHANGE `name` `name` VARCHAR(150) NOT NULL;
Executing (default): ALTER TABLE `spare_parts` CHANGE `description` `description` TEXT;
Executing (default): ALTER TABLE `spare_parts` CHANGE `compatibility` `compatibility` VARCHAR(255);
Executing (default): ALTER TABLE `spare_parts` CHANGE `cost` `cost` DECIMAL(12,2);
Executing (default): ALTER TABLE `spare_parts` CHANGE `price` `price` DECIMAL(12,2);
Executing (default): ALTER TABLE `spare_parts` CHANGE `current_stock` `current_stock` INTEGER NOT NULL DEFAULT 0;
Executing (default): ALTER TABLE `spare_parts` CHANGE `minimum_stock` `minimum_stock` INTEGER NOT NULL DEFAULT 0;
Executing (default): ALTER TABLE `spare_parts` CHANGE `is_active` `is_active` TINYINT(1) NOT NULL DEFAULT true;
Executing (default): ALTER TABLE `spare_parts` CHANGE `created_at` `created_at` DATETIME NOT NULL;
Executing (default): ALTER TABLE `spare_parts` CHANGE `updated_at` `updated_at` DATETIME NOT NULL;
Executing (default): SHOW INDEX FROM `spare_parts`
Executing (default): SELECT TABLE_NAME FROM INFORMATION_SCHEMA.TABLES WHERE TABLE_TYPE = 'BASE TABLE' AND TABLE_NAME = 'serialized_units' AND TABLE_SCHEMA = 'movil_care'
Executing (default): SHOW FULL COLUMNS FROM `serialized_units`;
Executing (default): SELECT CONSTRAINT_NAME as constraint_name,CONSTRAINT_NAME as constraintName,CONSTRAINT_SCHEMA as constraintSchema,CONSTRAINT_SCHEMA as constraintCatalog,TABLE_NAME as tableName,TABLE_SCHEMA as tableSchema,TABLE_SCHEMA as tableCatalog,COLUMN_NAME as columnName,REFERENCED_TABLE_SCHEMA as referencedTableSchema,REFERENCED_TABLE_SCHEMA as referencedTableCatalog,REFERENCED_TABLE_NAME as referencedTableName,REFERENCED_COLUMN_NAME as referencedColumnName FROM INFORMATION_SCHEMA.KEY_COLUMN_USAGE where TABLE_NAME = 'serialized_units' AND CONSTRAINT_NAME!='PRIMARY' AND CONSTRAINT_SCHEMA='movil_care' AND REFERENCED_TABLE_NAME IS NOT NULL;
Executing (default): SELECT CONSTRAINT_CATALOG AS constraintCatalog, CONSTRAINT_NAME AS constraintName, CONSTRAINT_SCHEMA AS constraintSchema, CONSTRAINT_TYPE AS constraintType, TABLE_NAME AS tableName, TABLE_SCHEMA AS tableSchema from INFORMATION_SCHEMA.TABLE_CONSTRAINTS WHERE table_name='serialized_units' AND constraint_name = 'serialized_units_ibfk_1' AND TABLE_SCHEMA = 'movil_care';
Executing (default): ALTER TABLE `serialized_units` DROP FOREIGN KEY `serialized_units_ibfk_1`;
Executing (default): ALTER TABLE `serialized_units` ADD FOREIGN KEY (`product_id`) REFERENCES `products` (`id`) ON DELETE RESTRICT ON UPDATE CASCADE;
Executing (default): ALTER TABLE `serialized_units` CHANGE `serial` `serial` VARCHAR(80) NOT NULL UNIQUE;
Executing (default): ALTER TABLE `serialized_units` CHANGE `secondary_serial` `secondary_serial` VARCHAR(80) UNIQUE;
Executing (default): ALTER TABLE `serialized_units` CHANGE `state` `state` ENUM('IN_STOCK', 'SOLD', 'IN_SERVICE', 'RETIRED') NOT NULL DEFAULT 'IN_STOCK';
Executing (default): ALTER TABLE `serialized_units` CHANGE `received_at` `received_at` DATETIME;
Executing (default): ALTER TABLE `serialized_units` CHANGE `is_active` `is_active` TINYINT(1) NOT NULL DEFAULT true;
Executing (default): ALTER TABLE `serialized_units` CHANGE `created_at` `created_at` DATETIME NOT NULL;
Executing (default): ALTER TABLE `serialized_units` CHANGE `updated_at` `updated_at` DATETIME NOT NULL;
Executing (default): SHOW INDEX FROM `serialized_units`
Executing (default): SELECT TABLE_NAME FROM INFORMATION_SCHEMA.TABLES WHERE TABLE_TYPE = 'BASE TABLE' AND TABLE_NAME = 'sales' AND TABLE_SCHEMA = 'movil_care'
Executing (default): SHOW FULL COLUMNS FROM `sales`;
Executing (default): SELECT CONSTRAINT_NAME as constraint_name,CONSTRAINT_NAME as constraintName,CONSTRAINT_SCHEMA as constraintSchema,CONSTRAINT_SCHEMA as constraintCatalog,TABLE_NAME as tableName,TABLE_SCHEMA as tableSchema,TABLE_SCHEMA as tableCatalog,COLUMN_NAME as columnName,REFERENCED_TABLE_SCHEMA as referencedTableSchema,REFERENCED_TABLE_SCHEMA as referencedTableCatalog,REFERENCED_TABLE_NAME as referencedTableName,REFERENCED_COLUMN_NAME as referencedColumnName FROM INFORMATION_SCHEMA.KEY_COLUMN_USAGE where TABLE_NAME = 'sales' AND CONSTRAINT_NAME!='PRIMARY' AND CONSTRAINT_SCHEMA='movil_care' AND REFERENCED_TABLE_NAME IS NOT NULL;
Executing (default): ALTER TABLE `sales` CHANGE `number` `number` VARCHAR(20) NOT NULL UNIQUE;
Executing (default): SELECT CONSTRAINT_CATALOG AS constraintCatalog, CONSTRAINT_NAME AS constraintName, CONSTRAINT_SCHEMA AS constraintSchema, CONSTRAINT_TYPE AS constraintType, TABLE_NAME AS tableName, TABLE_SCHEMA AS tableSchema from INFORMATION_SCHEMA.TABLE_CONSTRAINTS WHERE table_name='sales' AND constraint_name = 'sales_ibfk_29' AND TABLE_SCHEMA = 'movil_care';
Executing (default): ALTER TABLE `sales` DROP FOREIGN KEY `sales_ibfk_29`;
Executing (default): ALTER TABLE `sales` ADD FOREIGN KEY (`customer_id`) REFERENCES `customers` (`id`) ON DELETE RESTRICT ON UPDATE CASCADE;
Executing (default): SELECT CONSTRAINT_CATALOG AS constraintCatalog, CONSTRAINT_NAME AS constraintName, CONSTRAINT_SCHEMA AS constraintSchema, CONSTRAINT_TYPE AS constraintType, TABLE_NAME AS tableName, TABLE_SCHEMA AS tableSchema from INFORMATION_SCHEMA.TABLE_CONSTRAINTS WHERE table_name='sales' AND constraint_name = 'sales_ibfk_30' AND TABLE_SCHEMA = 'movil_care';
Executing (default): ALTER TABLE `sales` DROP FOREIGN KEY `sales_ibfk_30`;
Executing (default): ALTER TABLE `sales` ADD FOREIGN KEY (`seller_id`) REFERENCES `employees` (`id`) ON DELETE RESTRICT ON UPDATE CASCADE;
Executing (default): ALTER TABLE `sales` CHANGE `sold_at` `sold_at` DATETIME NOT NULL;
Executing (default): ALTER TABLE `sales` CHANGE `subtotal` `subtotal` DECIMAL(12,2) NOT NULL DEFAULT 0;
Executing (default): ALTER TABLE `sales` CHANGE `taxes` `taxes` DECIMAL(12,2) NOT NULL DEFAULT 0;
Executing (default): ALTER TABLE `sales` CHANGE `total` `total` DECIMAL(12,2) NOT NULL DEFAULT 0;
Executing (default): ALTER TABLE `sales` CHANGE `discount` `discount` DECIMAL(12,2) NOT NULL DEFAULT 0;
Executing (default): ALTER TABLE `sales` CHANGE `state` `state` ENUM('DRAFT', 'CONFIRMED', 'PAID', 'CANCELLED') NOT NULL DEFAULT 'DRAFT';
Executing (default): ALTER TABLE `sales` CHANGE `created_at` `created_at` DATETIME NOT NULL;
Executing (default): ALTER TABLE `sales` CHANGE `updated_at` `updated_at` DATETIME NOT NULL;
Executing (default): SHOW INDEX FROM `sales`
Executing (default): SELECT TABLE_NAME FROM INFORMATION_SCHEMA.TABLES WHERE TABLE_TYPE = 'BASE TABLE' AND TABLE_NAME = 'sale_details' AND TABLE_SCHEMA = 'movil_care'
Executing (default): SHOW FULL COLUMNS FROM `sale_details`;
Executing (default): SELECT CONSTRAINT_NAME as constraint_name,CONSTRAINT_NAME as constraintName,CONSTRAINT_SCHEMA as constraintSchema,CONSTRAINT_SCHEMA as constraintCatalog,TABLE_NAME as tableName,TABLE_SCHEMA as tableSchema,TABLE_SCHEMA as tableCatalog,COLUMN_NAME as columnName,REFERENCED_TABLE_SCHEMA as referencedTableSchema,REFERENCED_TABLE_SCHEMA as referencedTableCatalog,REFERENCED_TABLE_NAME as referencedTableName,REFERENCED_COLUMN_NAME as referencedColumnName FROM INFORMATION_SCHEMA.KEY_COLUMN_USAGE where TABLE_NAME = 'sale_details' AND CONSTRAINT_NAME!='PRIMARY' AND CONSTRAINT_SCHEMA='movil_care' AND REFERENCED_TABLE_NAME IS NOT NULL;
Executing (default): SELECT CONSTRAINT_CATALOG AS constraintCatalog, CONSTRAINT_NAME AS constraintName, CONSTRAINT_SCHEMA AS constraintSchema, CONSTRAINT_TYPE AS constraintType, TABLE_NAME AS tableName, TABLE_SCHEMA AS tableSchema from INFORMATION_SCHEMA.TABLE_CONSTRAINTS WHERE table_name='sale_details' AND constraint_name = 'sale_details_ibfk_43' AND TABLE_SCHEMA = 'movil_care';
Executing (default): ALTER TABLE `sale_details` DROP FOREIGN KEY `sale_details_ibfk_43`;
Executing (default): ALTER TABLE `sale_details` ADD FOREIGN KEY (`sale_id`) REFERENCES `sales` (`id`) ON DELETE RESTRICT ON UPDATE CASCADE;
Executing (default): SELECT CONSTRAINT_CATALOG AS constraintCatalog, CONSTRAINT_NAME AS constraintName, CONSTRAINT_SCHEMA AS constraintSchema, CONSTRAINT_TYPE AS constraintType, TABLE_NAME AS tableName, TABLE_SCHEMA AS tableSchema from INFORMATION_SCHEMA.TABLE_CONSTRAINTS WHERE table_name='sale_details' AND constraint_name = 'sale_details_ibfk_44' AND TABLE_SCHEMA = 'movil_care';
Executing (default): ALTER TABLE `sale_details` DROP FOREIGN KEY `sale_details_ibfk_44`;
Executing (default): ALTER TABLE `sale_details` ADD FOREIGN KEY (`product_id`) REFERENCES `products` (`id`) ON DELETE RESTRICT ON UPDATE CASCADE;
Executing (default): SELECT CONSTRAINT_CATALOG AS constraintCatalog, CONSTRAINT_NAME AS constraintName, CONSTRAINT_SCHEMA AS constraintSchema, CONSTRAINT_TYPE AS constraintType, TABLE_NAME AS tableName, TABLE_SCHEMA AS tableSchema from INFORMATION_SCHEMA.TABLE_CONSTRAINTS WHERE table_name='sale_details' AND constraint_name = 'sale_details_ibfk_45' AND TABLE_SCHEMA = 'movil_care';
Executing (default): ALTER TABLE `sale_details` DROP FOREIGN KEY `sale_details_ibfk_45`;
Executing (default): ALTER TABLE `sale_details` ADD FOREIGN KEY (`serialized_unit_id`) REFERENCES `serialized_units` (`id`) ON DELETE RESTRICT ON UPDATE CASCADE;
Executing (default): ALTER TABLE `sale_details` CHANGE `quantity` `quantity` INTEGER NOT NULL;
Executing (default): ALTER TABLE `sale_details` CHANGE `unit_price` `unit_price` DECIMAL(12,2) NOT NULL;
Executing (default): ALTER TABLE `sale_details` CHANGE `discount` `discount` DECIMAL(12,2) NOT NULL DEFAULT 0;
Executing (default): ALTER TABLE `sale_details` CHANGE `tax_percentage` `tax_percentage` DECIMAL(5,2) DEFAULT 0;
Executing (default): ALTER TABLE `sale_details` CHANGE `total` `total` DECIMAL(12,2) NOT NULL;
Executing (default): ALTER TABLE `sale_details` CHANGE `notes` `notes` VARCHAR(255);
Executing (default): ALTER TABLE `sale_details` CHANGE `created_at` `created_at` DATETIME NOT NULL;
Executing (default): ALTER TABLE `sale_details` CHANGE `updated_at` `updated_at` DATETIME NOT NULL;
Executing (default): SHOW INDEX FROM `sale_details`
Executing (default): SELECT TABLE_NAME FROM INFORMATION_SCHEMA.TABLES WHERE TABLE_TYPE = 'BASE TABLE' AND TABLE_NAME = 'warranties' AND TABLE_SCHEMA = 'movil_care'
Executing (default): SHOW FULL COLUMNS FROM `warranties`;
Executing (default): SELECT CONSTRAINT_NAME as constraint_name,CONSTRAINT_NAME as constraintName,CONSTRAINT_SCHEMA as constraintSchema,CONSTRAINT_SCHEMA as constraintCatalog,TABLE_NAME as tableName,TABLE_SCHEMA as tableSchema,TABLE_SCHEMA as tableCatalog,COLUMN_NAME as columnName,REFERENCED_TABLE_SCHEMA as referencedTableSchema,REFERENCED_TABLE_SCHEMA as referencedTableCatalog,REFERENCED_TABLE_NAME as referencedTableName,REFERENCED_COLUMN_NAME as referencedColumnName FROM INFORMATION_SCHEMA.KEY_COLUMN_USAGE where TABLE_NAME = 'warranties' AND CONSTRAINT_NAME!='PRIMARY' AND CONSTRAINT_SCHEMA='movil_care' AND REFERENCED_TABLE_NAME IS NOT NULL;
Executing (default): SELECT CONSTRAINT_CATALOG AS constraintCatalog, CONSTRAINT_NAME AS constraintName, CONSTRAINT_SCHEMA AS constraintSchema, CONSTRAINT_TYPE AS constraintType, TABLE_NAME AS tableName, TABLE_SCHEMA AS tableSchema from INFORMATION_SCHEMA.TABLE_CONSTRAINTS WHERE table_name='warranties' AND constraint_name = 'warranties_ibfk_17' AND TABLE_SCHEMA = 'movil_care';
Executing (default): ALTER TABLE `warranties` DROP FOREIGN KEY `warranties_ibfk_17`;
Executing (default): ALTER TABLE `warranties` ADD FOREIGN KEY (`sale_detail_id`) REFERENCES `sale_details` (`id`) ON DELETE RESTRICT ON UPDATE CASCADE;
Executing (default): SELECT CONSTRAINT_CATALOG AS constraintCatalog, CONSTRAINT_NAME AS constraintName, CONSTRAINT_SCHEMA AS constraintSchema, CONSTRAINT_TYPE AS constraintType, TABLE_NAME AS tableName, TABLE_SCHEMA AS tableSchema from INFORMATION_SCHEMA.TABLE_CONSTRAINTS WHERE table_name='warranties' AND constraint_name = 'warranties_ibfk_18' AND TABLE_SCHEMA = 'movil_care';
Executing (default): ALTER TABLE `warranties` DROP FOREIGN KEY `warranties_ibfk_18`;
Executing (default): ALTER TABLE `warranties` ADD FOREIGN KEY (`serialized_unit_id`) REFERENCES `serialized_units` (`id`) ON DELETE RESTRICT ON UPDATE CASCADE;
Executing (default): ALTER TABLE `warranties` CHANGE `type` `type` ENUM('COMMERCIAL', 'EXTENDED', 'SUPPLIER') NOT NULL;
Executing (default): ALTER TABLE `warranties` CHANGE `coverage_description` `coverage_description` TEXT;
Executing (default): ALTER TABLE `warranties` CHANGE `start_date` `start_date` DATETIME NOT NULL;
Executing (default): ALTER TABLE `warranties` CHANGE `end_date` `end_date` DATETIME NOT NULL;
Executing (default): ALTER TABLE `warranties` CHANGE `state` `state` ENUM('VALID', 'EXPIRED', 'CANCELLED', 'CONSUMED') NOT NULL DEFAULT 'VALID';
Executing (default): ALTER TABLE `warranties` CHANGE `is_active` `is_active` TINYINT(1) NOT NULL DEFAULT true;
Executing (default): ALTER TABLE `warranties` CHANGE `created_at` `created_at` DATETIME NOT NULL;
Executing (default): ALTER TABLE `warranties` CHANGE `updated_at` `updated_at` DATETIME NOT NULL;
Executing (default): SHOW INDEX FROM `warranties`
Executing (default): SELECT TABLE_NAME FROM INFORMATION_SCHEMA.TABLES WHERE TABLE_TYPE = 'BASE TABLE' AND TABLE_NAME = 'service_orders' AND TABLE_SCHEMA = 'movil_care'
Executing (default): SHOW FULL COLUMNS FROM `service_orders`;
Executing (default): SELECT CONSTRAINT_NAME as constraint_name,CONSTRAINT_NAME as constraintName,CONSTRAINT_SCHEMA as constraintSchema,CONSTRAINT_SCHEMA as constraintCatalog,TABLE_NAME as tableName,TABLE_SCHEMA as tableSchema,TABLE_SCHEMA as tableCatalog,COLUMN_NAME as columnName,REFERENCED_TABLE_SCHEMA as referencedTableSchema,REFERENCED_TABLE_SCHEMA as referencedTableCatalog,REFERENCED_TABLE_NAME as referencedTableName,REFERENCED_COLUMN_NAME as referencedColumnName FROM INFORMATION_SCHEMA.KEY_COLUMN_USAGE where TABLE_NAME = 'service_orders' AND CONSTRAINT_NAME!='PRIMARY' AND CONSTRAINT_SCHEMA='movil_care' AND REFERENCED_TABLE_NAME IS NOT NULL;
Executing (default): ALTER TABLE `service_orders` CHANGE `number` `number` VARCHAR(20) NOT NULL UNIQUE;
Executing (default): SELECT CONSTRAINT_CATALOG AS constraintCatalog, CONSTRAINT_NAME AS constraintName, CONSTRAINT_SCHEMA AS constraintSchema, CONSTRAINT_TYPE AS constraintType, TABLE_NAME AS tableName, TABLE_SCHEMA AS tableSchema from INFORMATION_SCHEMA.TABLE_CONSTRAINTS WHERE table_name='service_orders' AND constraint_name = 'service_orders_ibfk_21' AND TABLE_SCHEMA = 'movil_care';
Executing (default): ALTER TABLE `service_orders` DROP FOREIGN KEY `service_orders_ibfk_21`;
Executing (default): ALTER TABLE `service_orders` ADD FOREIGN KEY (`customer_id`) REFERENCES `customers` (`id`) ON DELETE RESTRICT ON UPDATE CASCADE;
Executing (default): SELECT CONSTRAINT_CATALOG AS constraintCatalog, CONSTRAINT_NAME AS constraintName, CONSTRAINT_SCHEMA AS constraintSchema, CONSTRAINT_TYPE AS constraintType, TABLE_NAME AS tableName, TABLE_SCHEMA AS tableSchema from INFORMATION_SCHEMA.TABLE_CONSTRAINTS WHERE table_name='service_orders' AND constraint_name = 'service_orders_ibfk_22' AND TABLE_SCHEMA = 'movil_care';
Executing (default): ALTER TABLE `service_orders` DROP FOREIGN KEY `service_orders_ibfk_22`;
Executing (default): ALTER TABLE `service_orders` ADD FOREIGN KEY (`serialized_unit_id`) REFERENCES `serialized_units` (`id`) ON DELETE RESTRICT ON UPDATE CASCADE;
Executing (default): SELECT CONSTRAINT_CATALOG AS constraintCatalog, CONSTRAINT_NAME AS constraintName, CONSTRAINT_SCHEMA AS constraintSchema, CONSTRAINT_TYPE AS constraintType, TABLE_NAME AS tableName, TABLE_SCHEMA AS tableSchema from INFORMATION_SCHEMA.TABLE_CONSTRAINTS WHERE table_name='service_orders' AND constraint_name = 'service_orders_ibfk_23' AND TABLE_SCHEMA = 'movil_care';
Executing (default): ALTER TABLE `service_orders` DROP FOREIGN KEY `service_orders_ibfk_23`;
Executing (default): ALTER TABLE `service_orders` ADD FOREIGN KEY (`technician_id`) REFERENCES `employees` (`id`) ON DELETE RESTRICT ON UPDATE CASCADE;
Executing (default): ALTER TABLE `service_orders` CHANGE `service_type` `service_type` ENUM('COMMERCIAL_WARRANTY', 'PAID_REPAIR', 'RECURRENCE') NOT NULL;
Executing (default): SELECT CONSTRAINT_CATALOG AS constraintCatalog, CONSTRAINT_NAME AS constraintName, CONSTRAINT_SCHEMA AS constraintSchema, CONSTRAINT_TYPE AS constraintType, TABLE_NAME AS tableName, TABLE_SCHEMA AS tableSchema from INFORMATION_SCHEMA.TABLE_CONSTRAINTS WHERE table_name='service_orders' AND constraint_name = 'service_orders_ibfk_24' AND TABLE_SCHEMA = 'movil_care';
Executing (default): ALTER TABLE `service_orders` DROP FOREIGN KEY `service_orders_ibfk_24`;
Executing (default): ALTER TABLE `service_orders` ADD FOREIGN KEY (`warranty_id`) REFERENCES `warranties` (`id`) ON DELETE RESTRICT ON UPDATE CASCADE;
Executing (default): SELECT CONSTRAINT_CATALOG AS constraintCatalog, CONSTRAINT_NAME AS constraintName, CONSTRAINT_SCHEMA AS constraintSchema, CONSTRAINT_TYPE AS constraintType, TABLE_NAME AS tableName, TABLE_SCHEMA AS tableSchema from INFORMATION_SCHEMA.TABLE_CONSTRAINTS WHERE table_name='service_orders' AND constraint_name = 'service_orders_ibfk_25' AND TABLE_SCHEMA = 'movil_care';
Executing (default): ALTER TABLE `service_orders` DROP FOREIGN KEY `service_orders_ibfk_25`;
Executing (default): ALTER TABLE `service_orders` ADD FOREIGN KEY (`origin_order_id`) REFERENCES `service_orders` (`id`) ON DELETE RESTRICT ON UPDATE CASCADE;
Executing (default): ALTER TABLE `service_orders` CHANGE `reported_issue` `reported_issue` TEXT NOT NULL;
Executing (default): ALTER TABLE `service_orders` CHANGE `intake_condition` `intake_condition` TEXT;
Executing (default): ALTER TABLE `service_orders` CHANGE `received_accessories` `received_accessories` VARCHAR(255);
Executing (default): ALTER TABLE `service_orders` CHANGE `opened_at` `opened_at` DATETIME NOT NULL;
Executing (default): ALTER TABLE `service_orders` CHANGE `estimated_delivery_date` `estimated_delivery_date` DATETIME;
Executing (default): ALTER TABLE `service_orders` CHANGE `closed_at` `closed_at` DATETIME;
Executing (default): ALTER TABLE `service_orders` CHANGE `total` `total` DECIMAL(12,2) NOT NULL DEFAULT 0;
Executing (default): ALTER TABLE `service_orders` CHANGE `state` `state` ENUM('RECEIVED', 'DIAGNOSING', 'AWAITING_AUTHORIZATION', 'IN_REPAIR', 'READY', 'DELIVERED', 'REJECTED', 'CANCELLED') NOT NULL DEFAULT 'RECEIVED';
Executing (default): ALTER TABLE `service_orders` CHANGE `created_at` `created_at` DATETIME NOT NULL;
Executing (default): ALTER TABLE `service_orders` CHANGE `updated_at` `updated_at` DATETIME NOT NULL;
Executing (default): SHOW INDEX FROM `service_orders`
Executing (default): SELECT TABLE_NAME FROM INFORMATION_SCHEMA.TABLES WHERE TABLE_TYPE = 'BASE TABLE' AND TABLE_NAME = 'diagnostics' AND TABLE_SCHEMA = 'movil_care'
Executing (default): SHOW FULL COLUMNS FROM `diagnostics`;
Executing (default): SELECT CONSTRAINT_NAME as constraint_name,CONSTRAINT_NAME as constraintName,CONSTRAINT_SCHEMA as constraintSchema,CONSTRAINT_SCHEMA as constraintCatalog,TABLE_NAME as tableName,TABLE_SCHEMA as tableSchema,TABLE_SCHEMA as tableCatalog,COLUMN_NAME as columnName,REFERENCED_TABLE_SCHEMA as referencedTableSchema,REFERENCED_TABLE_SCHEMA as referencedTableCatalog,REFERENCED_TABLE_NAME as referencedTableName,REFERENCED_COLUMN_NAME as referencedColumnName FROM INFORMATION_SCHEMA.KEY_COLUMN_USAGE where TABLE_NAME = 'diagnostics' AND CONSTRAINT_NAME!='PRIMARY' AND CONSTRAINT_SCHEMA='movil_care' AND REFERENCED_TABLE_NAME IS NOT NULL;
Executing (default): SELECT CONSTRAINT_CATALOG AS constraintCatalog, CONSTRAINT_NAME AS constraintName, CONSTRAINT_SCHEMA AS constraintSchema, CONSTRAINT_TYPE AS constraintType, TABLE_NAME AS tableName, TABLE_SCHEMA AS tableSchema from INFORMATION_SCHEMA.TABLE_CONSTRAINTS WHERE table_name='diagnostics' AND constraint_name = 'diagnostics_ibfk_9' AND TABLE_SCHEMA = 'movil_care';
Executing (default): ALTER TABLE `diagnostics` DROP FOREIGN KEY `diagnostics_ibfk_9`;
Executing (default): ALTER TABLE `diagnostics` ADD FOREIGN KEY (`service_order_id`) REFERENCES `service_orders` (`id`) ON DELETE RESTRICT ON UPDATE CASCADE;
Executing (default): SELECT CONSTRAINT_CATALOG AS constraintCatalog, CONSTRAINT_NAME AS constraintName, CONSTRAINT_SCHEMA AS constraintSchema, CONSTRAINT_TYPE AS constraintType, TABLE_NAME AS tableName, TABLE_SCHEMA AS tableSchema from INFORMATION_SCHEMA.TABLE_CONSTRAINTS WHERE table_name='diagnostics' AND constraint_name = 'diagnostics_ibfk_10' AND TABLE_SCHEMA = 'movil_care';
Executing (default): ALTER TABLE `diagnostics` DROP FOREIGN KEY `diagnostics_ibfk_10`;
Executing (default): ALTER TABLE `diagnostics` ADD FOREIGN KEY (`technician_id`) REFERENCES `employees` (`id`) ON DELETE RESTRICT ON UPDATE CASCADE;
Executing (default): ALTER TABLE `diagnostics` CHANGE `description` `description` TEXT NOT NULL;
Executing (default): ALTER TABLE `diagnostics` CHANGE `cause` `cause` ENUM('FACTORY_DEFECT', 'WEAR', 'MISUSE', 'MOISTURE', 'IMPACT', 'OTHER') NOT NULL;
Executing (default): ALTER TABLE `diagnostics` CHANGE `warranty_covered` `warranty_covered` TINYINT(1);
Executing (default): ALTER TABLE `diagnostics` CHANGE `labor_cost` `labor_cost` DECIMAL(12,2) NOT NULL DEFAULT 0;
Executing (default): ALTER TABLE `diagnostics` CHANGE `estimated_total` `estimated_total` DECIMAL(12,2) NOT NULL DEFAULT 0;
Executing (default): ALTER TABLE `diagnostics` CHANGE `diagnosed_at` `diagnosed_at` DATETIME NOT NULL;
Executing (default): ALTER TABLE `diagnostics` CHANGE `created_at` `created_at` DATETIME NOT NULL;
Executing (default): ALTER TABLE `diagnostics` CHANGE `updated_at` `updated_at` DATETIME NOT NULL;
Executing (default): SHOW INDEX FROM `diagnostics`
Executing (default): SELECT TABLE_NAME FROM INFORMATION_SCHEMA.TABLES WHERE TABLE_TYPE = 'BASE TABLE' AND TABLE_NAME = 'service_authorizations' AND TABLE_SCHEMA = 'movil_care'
Executing (default): SHOW FULL COLUMNS FROM `service_authorizations`;
Executing (default): SELECT CONSTRAINT_NAME as constraint_name,CONSTRAINT_NAME as constraintName,CONSTRAINT_SCHEMA as constraintSchema,CONSTRAINT_SCHEMA as constraintCatalog,TABLE_NAME as tableName,TABLE_SCHEMA as tableSchema,TABLE_SCHEMA as tableCatalog,COLUMN_NAME as columnName,REFERENCED_TABLE_SCHEMA as referencedTableSchema,REFERENCED_TABLE_SCHEMA as referencedTableCatalog,REFERENCED_TABLE_NAME as referencedTableName,REFERENCED_COLUMN_NAME as referencedColumnName FROM INFORMATION_SCHEMA.KEY_COLUMN_USAGE where TABLE_NAME = 'service_authorizations' AND CONSTRAINT_NAME!='PRIMARY' AND CONSTRAINT_SCHEMA='movil_care' AND REFERENCED_TABLE_NAME IS NOT NULL;
Executing (default): SELECT CONSTRAINT_CATALOG AS constraintCatalog, CONSTRAINT_NAME AS constraintName, CONSTRAINT_SCHEMA AS constraintSchema, CONSTRAINT_TYPE AS constraintType, TABLE_NAME AS tableName, TABLE_SCHEMA AS tableSchema from INFORMATION_SCHEMA.TABLE_CONSTRAINTS WHERE table_name='service_authorizations' AND constraint_name = 'service_authorizations_ibfk_9' AND TABLE_SCHEMA = 'movil_care';
Executing (default): ALTER TABLE `service_authorizations` DROP FOREIGN KEY `service_authorizations_ibfk_9`;
Executing (default): ALTER TABLE `service_authorizations` ADD FOREIGN KEY (`diagnostic_id`) REFERENCES `diagnostics` (`id`) ON DELETE RESTRICT ON UPDATE CASCADE;
Executing (default): ALTER TABLE `service_authorizations` CHANGE `state` `state` ENUM('PENDING', 'APPROVED', 'REJECTED') NOT NULL;
Executing (default): ALTER TABLE `service_authorizations` CHANGE `authorized_amount` `authorized_amount` DECIMAL(12,2) NOT NULL;
Executing (default): ALTER TABLE `service_authorizations` CHANGE `channel` `channel` ENUM('IN_PERSON', 'PHONE', 'WHATSAPP', 'EMAIL', 'DIGITAL_SIGNATURE') NOT NULL;
Executing (default): ALTER TABLE `service_authorizations` CHANGE `responded_at` `responded_at` DATETIME;
Executing (default): ALTER TABLE `service_authorizations` CHANGE `notes` `notes` VARCHAR(255);
Executing (default): SELECT CONSTRAINT_CATALOG AS constraintCatalog, CONSTRAINT_NAME AS constraintName, CONSTRAINT_SCHEMA AS constraintSchema, CONSTRAINT_TYPE AS constraintType, TABLE_NAME AS tableName, TABLE_SCHEMA AS tableSchema from INFORMATION_SCHEMA.TABLE_CONSTRAINTS WHERE table_name='service_authorizations' AND constraint_name = 'service_authorizations_ibfk_10' AND TABLE_SCHEMA = 'movil_care';
Executing (default): ALTER TABLE `service_authorizations` DROP FOREIGN KEY `service_authorizations_ibfk_10`;
Executing (default): ALTER TABLE `service_authorizations` ADD FOREIGN KEY (`recorded_by`) REFERENCES `employees` (`id`) ON DELETE RESTRICT ON UPDATE CASCADE;
Executing (default): ALTER TABLE `service_authorizations` CHANGE `created_at` `created_at` DATETIME NOT NULL;
Executing (default): ALTER TABLE `service_authorizations` CHANGE `updated_at` `updated_at` DATETIME NOT NULL;
Executing (default): SHOW INDEX FROM `service_authorizations`
🚀 Servidor ejecutándose en puerto 4000
[32m[nodemon] restarting due to changes...[39m
[32m[nodemon] starting `ts-node src/server.ts`[39m
◇ injected env (8) from .env // tip: ◈ secrets for agents [www.dotenvx.com]
◇ injected env (0) from .env // tip: ⌘ enable debugging { debug: true }
Executing (default): SELECT 1+1 AS result
MySQL connection established
Executing (default): SELECT TABLE_NAME FROM INFORMATION_SCHEMA.TABLES WHERE TABLE_TYPE = 'BASE TABLE' AND TABLE_NAME = 'products' AND TABLE_SCHEMA = 'movil_care'
Executing (default): SHOW FULL COLUMNS FROM `products`;
Executing (default): SELECT CONSTRAINT_NAME as constraint_name,CONSTRAINT_NAME as constraintName,CONSTRAINT_SCHEMA as constraintSchema,CONSTRAINT_SCHEMA as constraintCatalog,TABLE_NAME as tableName,TABLE_SCHEMA as tableSchema,TABLE_SCHEMA as tableCatalog,COLUMN_NAME as columnName,REFERENCED_TABLE_SCHEMA as referencedTableSchema,REFERENCED_TABLE_SCHEMA as referencedTableCatalog,REFERENCED_TABLE_NAME as referencedTableName,REFERENCED_COLUMN_NAME as referencedColumnName FROM INFORMATION_SCHEMA.KEY_COLUMN_USAGE where TABLE_NAME = 'products' AND CONSTRAINT_NAME!='PRIMARY' AND CONSTRAINT_SCHEMA='movil_care' AND REFERENCED_TABLE_NAME IS NOT NULL;
Executing (default): ALTER TABLE `products` CHANGE `sku` `sku` VARCHAR(40) NOT NULL UNIQUE;
Executing (default): ALTER TABLE `products` CHANGE `name` `name` VARCHAR(150) NOT NULL;
Executing (default): ALTER TABLE `products` CHANGE `description` `description` TEXT;
Executing (default): ALTER TABLE `products` CHANGE `type` `type` ENUM('EQUIPMENT', 'ACCESSORY') NOT NULL;
Executing (default): ALTER TABLE `products` CHANGE `brand` `brand` VARCHAR(80);
Executing (default): ALTER TABLE `products` CHANGE `model` `model` VARCHAR(80);
Executing (default): ALTER TABLE `products` CHANGE `requires_serial` `requires_serial` TINYINT(1) NOT NULL DEFAULT false;
Executing (default): ALTER TABLE `products` CHANGE `cost` `cost` DECIMAL(12,2);
Executing (default): ALTER TABLE `products` CHANGE `price` `price` DECIMAL(12,2) NOT NULL;
Executing (default): ALTER TABLE `products` CHANGE `tax_percentage` `tax_percentage` DECIMAL(5,2) NOT NULL DEFAULT 0;
Executing (default): ALTER TABLE `products` CHANGE `default_warranty_months` `default_warranty_months` SMALLINT NOT NULL DEFAULT 0;
Executing (default): ALTER TABLE `products` CHANGE `is_active` `is_active` TINYINT(1) NOT NULL DEFAULT true;
Executing (default): ALTER TABLE `products` CHANGE `created_at` `created_at` DATETIME NOT NULL;
Executing (default): ALTER TABLE `products` CHANGE `updated_at` `updated_at` DATETIME NOT NULL;
Executing (default): SHOW INDEX FROM `products`
Executing (default): SELECT TABLE_NAME FROM INFORMATION_SCHEMA.TABLES WHERE TABLE_TYPE = 'BASE TABLE' AND TABLE_NAME = 'customers' AND TABLE_SCHEMA = 'movil_care'
Executing (default): SHOW FULL COLUMNS FROM `customers`;
Executing (default): SELECT CONSTRAINT_NAME as constraint_name,CONSTRAINT_NAME as constraintName,CONSTRAINT_SCHEMA as constraintSchema,CONSTRAINT_SCHEMA as constraintCatalog,TABLE_NAME as tableName,TABLE_SCHEMA as tableSchema,TABLE_SCHEMA as tableCatalog,COLUMN_NAME as columnName,REFERENCED_TABLE_SCHEMA as referencedTableSchema,REFERENCED_TABLE_SCHEMA as referencedTableCatalog,REFERENCED_TABLE_NAME as referencedTableName,REFERENCED_COLUMN_NAME as referencedColumnName FROM INFORMATION_SCHEMA.KEY_COLUMN_USAGE where TABLE_NAME = 'customers' AND CONSTRAINT_NAME!='PRIMARY' AND CONSTRAINT_SCHEMA='movil_care' AND REFERENCED_TABLE_NAME IS NOT NULL;
Executing (default): ALTER TABLE `customers` CHANGE `document_type` `document_type` ENUM('CC', 'CE', 'NIT', 'PASSPORT', 'TI') NOT NULL;
Executing (default): ALTER TABLE `customers` CHANGE `document_number` `document_number` VARCHAR(30) NOT NULL;
Executing (default): ALTER TABLE `customers` CHANGE `first_name` `first_name` VARCHAR(100) NOT NULL;
Executing (default): ALTER TABLE `customers` CHANGE `last_name` `last_name` VARCHAR(100);
Executing (default): ALTER TABLE `customers` CHANGE `company_name` `company_name` VARCHAR(150);
Executing (default): ALTER TABLE `customers` CHANGE `phone` `phone` VARCHAR(20);
Executing (default): ALTER TABLE `customers` CHANGE `email` `email` VARCHAR(120) UNIQUE;
Executing (default): ALTER TABLE `customers` CHANGE `address` `address` VARCHAR(200);
Executing (default): ALTER TABLE `customers` CHANGE `is_active` `is_active` TINYINT(1) NOT NULL DEFAULT true;
Executing (default): ALTER TABLE `customers` CHANGE `created_at` `created_at` DATETIME NOT NULL;
Executing (default): ALTER TABLE `customers` CHANGE `updated_at` `updated_at` DATETIME NOT NULL;
Executing (default): SHOW INDEX FROM `customers`
Executing (default): SELECT TABLE_NAME FROM INFORMATION_SCHEMA.TABLES WHERE TABLE_TYPE = 'BASE TABLE' AND TABLE_NAME = 'employees' AND TABLE_SCHEMA = 'movil_care'
Executing (default): SHOW FULL COLUMNS FROM `employees`;
Executing (default): SELECT CONSTRAINT_NAME as constraint_name,CONSTRAINT_NAME as constraintName,CONSTRAINT_SCHEMA as constraintSchema,CONSTRAINT_SCHEMA as constraintCatalog,TABLE_NAME as tableName,TABLE_SCHEMA as tableSchema,TABLE_SCHEMA as tableCatalog,COLUMN_NAME as columnName,REFERENCED_TABLE_SCHEMA as referencedTableSchema,REFERENCED_TABLE_SCHEMA as referencedTableCatalog,REFERENCED_TABLE_NAME as referencedTableName,REFERENCED_COLUMN_NAME as referencedColumnName FROM INFORMATION_SCHEMA.KEY_COLUMN_USAGE where TABLE_NAME = 'employees' AND CONSTRAINT_NAME!='PRIMARY' AND CONSTRAINT_SCHEMA='movil_care' AND REFERENCED_TABLE_NAME IS NOT NULL;
Executing (default): ALTER TABLE `employees` CHANGE `name` `name` VARCHAR(150) NOT NULL;
Executing (default): ALTER TABLE `employees` CHANGE `document` `document` VARCHAR(30) UNIQUE;
Executing (default): ALTER TABLE `employees` CHANGE `role` `role` ENUM('SELLER', 'TECHNICIAN', 'ADMIN') NOT NULL;
Executing (default): ALTER TABLE `employees` CHANGE `email` `email` VARCHAR(120) UNIQUE;
Executing (default): ALTER TABLE `employees` CHANGE `is_active` `is_active` TINYINT(1) NOT NULL DEFAULT true;
Executing (default): ALTER TABLE `employees` CHANGE `created_at` `created_at` DATETIME NOT NULL;
Executing (default): ALTER TABLE `employees` CHANGE `updated_at` `updated_at` DATETIME NOT NULL;
Executing (default): SHOW INDEX FROM `employees`
Executing (default): SELECT TABLE_NAME FROM INFORMATION_SCHEMA.TABLES WHERE TABLE_TYPE = 'BASE TABLE' AND TABLE_NAME = 'spare_parts' AND TABLE_SCHEMA = 'movil_care'
Executing (default): SHOW FULL COLUMNS FROM `spare_parts`;
Executing (default): SELECT CONSTRAINT_NAME as constraint_name,CONSTRAINT_NAME as constraintName,CONSTRAINT_SCHEMA as constraintSchema,CONSTRAINT_SCHEMA as constraintCatalog,TABLE_NAME as tableName,TABLE_SCHEMA as tableSchema,TABLE_SCHEMA as tableCatalog,COLUMN_NAME as columnName,REFERENCED_TABLE_SCHEMA as referencedTableSchema,REFERENCED_TABLE_SCHEMA as referencedTableCatalog,REFERENCED_TABLE_NAME as referencedTableName,REFERENCED_COLUMN_NAME as referencedColumnName FROM INFORMATION_SCHEMA.KEY_COLUMN_USAGE where TABLE_NAME = 'spare_parts' AND CONSTRAINT_NAME!='PRIMARY' AND CONSTRAINT_SCHEMA='movil_care' AND REFERENCED_TABLE_NAME IS NOT NULL;
Executing (default): ALTER TABLE `spare_parts` CHANGE `sku` `sku` VARCHAR(40) NOT NULL UNIQUE;
Executing (default): ALTER TABLE `spare_parts` CHANGE `name` `name` VARCHAR(150) NOT NULL;
Executing (default): ALTER TABLE `spare_parts` CHANGE `description` `description` TEXT;
Executing (default): ALTER TABLE `spare_parts` CHANGE `compatibility` `compatibility` VARCHAR(255);
Executing (default): ALTER TABLE `spare_parts` CHANGE `cost` `cost` DECIMAL(12,2);
Executing (default): ALTER TABLE `spare_parts` CHANGE `price` `price` DECIMAL(12,2);
Executing (default): ALTER TABLE `spare_parts` CHANGE `current_stock` `current_stock` INTEGER NOT NULL DEFAULT 0;
Executing (default): ALTER TABLE `spare_parts` CHANGE `minimum_stock` `minimum_stock` INTEGER NOT NULL DEFAULT 0;
Executing (default): ALTER TABLE `spare_parts` CHANGE `is_active` `is_active` TINYINT(1) NOT NULL DEFAULT true;
Executing (default): ALTER TABLE `spare_parts` CHANGE `created_at` `created_at` DATETIME NOT NULL;
Executing (default): ALTER TABLE `spare_parts` CHANGE `updated_at` `updated_at` DATETIME NOT NULL;
Executing (default): SHOW INDEX FROM `spare_parts`
Executing (default): SELECT TABLE_NAME FROM INFORMATION_SCHEMA.TABLES WHERE TABLE_TYPE = 'BASE TABLE' AND TABLE_NAME = 'serialized_units' AND TABLE_SCHEMA = 'movil_care'
Executing (default): SHOW FULL COLUMNS FROM `serialized_units`;
Executing (default): SELECT CONSTRAINT_NAME as constraint_name,CONSTRAINT_NAME as constraintName,CONSTRAINT_SCHEMA as constraintSchema,CONSTRAINT_SCHEMA as constraintCatalog,TABLE_NAME as tableName,TABLE_SCHEMA as tableSchema,TABLE_SCHEMA as tableCatalog,COLUMN_NAME as columnName,REFERENCED_TABLE_SCHEMA as referencedTableSchema,REFERENCED_TABLE_SCHEMA as referencedTableCatalog,REFERENCED_TABLE_NAME as referencedTableName,REFERENCED_COLUMN_NAME as referencedColumnName FROM INFORMATION_SCHEMA.KEY_COLUMN_USAGE where TABLE_NAME = 'serialized_units' AND CONSTRAINT_NAME!='PRIMARY' AND CONSTRAINT_SCHEMA='movil_care' AND REFERENCED_TABLE_NAME IS NOT NULL;
Executing (default): SELECT CONSTRAINT_CATALOG AS constraintCatalog, CONSTRAINT_NAME AS constraintName, CONSTRAINT_SCHEMA AS constraintSchema, CONSTRAINT_TYPE AS constraintType, TABLE_NAME AS tableName, TABLE_SCHEMA AS tableSchema from INFORMATION_SCHEMA.TABLE_CONSTRAINTS WHERE table_name='serialized_units' AND constraint_name = 'serialized_units_ibfk_1' AND TABLE_SCHEMA = 'movil_care';
Executing (default): ALTER TABLE `serialized_units` DROP FOREIGN KEY `serialized_units_ibfk_1`;
Executing (default): ALTER TABLE `serialized_units` ADD FOREIGN KEY (`product_id`) REFERENCES `products` (`id`) ON DELETE RESTRICT ON UPDATE CASCADE;
Executing (default): ALTER TABLE `serialized_units` CHANGE `serial` `serial` VARCHAR(80) NOT NULL UNIQUE;
Executing (default): ALTER TABLE `serialized_units` CHANGE `secondary_serial` `secondary_serial` VARCHAR(80) UNIQUE;
Executing (default): ALTER TABLE `serialized_units` CHANGE `state` `state` ENUM('IN_STOCK', 'SOLD', 'IN_SERVICE', 'RETIRED') NOT NULL DEFAULT 'IN_STOCK';
Executing (default): ALTER TABLE `serialized_units` CHANGE `received_at` `received_at` DATETIME;
Executing (default): ALTER TABLE `serialized_units` CHANGE `is_active` `is_active` TINYINT(1) NOT NULL DEFAULT true;
Executing (default): ALTER TABLE `serialized_units` CHANGE `created_at` `created_at` DATETIME NOT NULL;
Executing (default): ALTER TABLE `serialized_units` CHANGE `updated_at` `updated_at` DATETIME NOT NULL;
Executing (default): SHOW INDEX FROM `serialized_units`
Executing (default): SELECT TABLE_NAME FROM INFORMATION_SCHEMA.TABLES WHERE TABLE_TYPE = 'BASE TABLE' AND TABLE_NAME = 'sales' AND TABLE_SCHEMA = 'movil_care'
Executing (default): SHOW FULL COLUMNS FROM `sales`;
Executing (default): SELECT CONSTRAINT_NAME as constraint_name,CONSTRAINT_NAME as constraintName,CONSTRAINT_SCHEMA as constraintSchema,CONSTRAINT_SCHEMA as constraintCatalog,TABLE_NAME as tableName,TABLE_SCHEMA as tableSchema,TABLE_SCHEMA as tableCatalog,COLUMN_NAME as columnName,REFERENCED_TABLE_SCHEMA as referencedTableSchema,REFERENCED_TABLE_SCHEMA as referencedTableCatalog,REFERENCED_TABLE_NAME as referencedTableName,REFERENCED_COLUMN_NAME as referencedColumnName FROM INFORMATION_SCHEMA.KEY_COLUMN_USAGE where TABLE_NAME = 'sales' AND CONSTRAINT_NAME!='PRIMARY' AND CONSTRAINT_SCHEMA='movil_care' AND REFERENCED_TABLE_NAME IS NOT NULL;
Executing (default): ALTER TABLE `sales` CHANGE `number` `number` VARCHAR(20) NOT NULL UNIQUE;
Executing (default): SELECT CONSTRAINT_CATALOG AS constraintCatalog, CONSTRAINT_NAME AS constraintName, CONSTRAINT_SCHEMA AS constraintSchema, CONSTRAINT_TYPE AS constraintType, TABLE_NAME AS tableName, TABLE_SCHEMA AS tableSchema from INFORMATION_SCHEMA.TABLE_CONSTRAINTS WHERE table_name='sales' AND constraint_name = 'sales_ibfk_37' AND TABLE_SCHEMA = 'movil_care';
Executing (default): ALTER TABLE `sales` DROP FOREIGN KEY `sales_ibfk_37`;
Executing (default): ALTER TABLE `sales` ADD FOREIGN KEY (`customer_id`) REFERENCES `customers` (`id`) ON DELETE RESTRICT ON UPDATE CASCADE;
Executing (default): SELECT CONSTRAINT_CATALOG AS constraintCatalog, CONSTRAINT_NAME AS constraintName, CONSTRAINT_SCHEMA AS constraintSchema, CONSTRAINT_TYPE AS constraintType, TABLE_NAME AS tableName, TABLE_SCHEMA AS tableSchema from INFORMATION_SCHEMA.TABLE_CONSTRAINTS WHERE table_name='sales' AND constraint_name = 'sales_ibfk_38' AND TABLE_SCHEMA = 'movil_care';
Executing (default): ALTER TABLE `sales` DROP FOREIGN KEY `sales_ibfk_38`;
Executing (default): ALTER TABLE `sales` ADD FOREIGN KEY (`seller_id`) REFERENCES `employees` (`id`) ON DELETE RESTRICT ON UPDATE CASCADE;
Executing (default): ALTER TABLE `sales` CHANGE `sold_at` `sold_at` DATETIME NOT NULL;
Executing (default): ALTER TABLE `sales` CHANGE `subtotal` `subtotal` DECIMAL(12,2) NOT NULL DEFAULT 0;
Executing (default): ALTER TABLE `sales` CHANGE `taxes` `taxes` DECIMAL(12,2) NOT NULL DEFAULT 0;
Executing (default): ALTER TABLE `sales` CHANGE `total` `total` DECIMAL(12,2) NOT NULL DEFAULT 0;
Executing (default): ALTER TABLE `sales` CHANGE `discount` `discount` DECIMAL(12,2) NOT NULL DEFAULT 0;
Executing (default): ALTER TABLE `sales` CHANGE `state` `state` ENUM('DRAFT', 'CONFIRMED', 'PAID', 'CANCELLED') NOT NULL DEFAULT 'DRAFT';
Executing (default): ALTER TABLE `sales` CHANGE `created_at` `created_at` DATETIME NOT NULL;
Executing (default): ALTER TABLE `sales` CHANGE `updated_at` `updated_at` DATETIME NOT NULL;
Executing (default): SHOW INDEX FROM `sales`
Executing (default): SELECT TABLE_NAME FROM INFORMATION_SCHEMA.TABLES WHERE TABLE_TYPE = 'BASE TABLE' AND TABLE_NAME = 'sale_details' AND TABLE_SCHEMA = 'movil_care'
Executing (default): SHOW FULL COLUMNS FROM `sale_details`;
Executing (default): SELECT CONSTRAINT_NAME as constraint_name,CONSTRAINT_NAME as constraintName,CONSTRAINT_SCHEMA as constraintSchema,CONSTRAINT_SCHEMA as constraintCatalog,TABLE_NAME as tableName,TABLE_SCHEMA as tableSchema,TABLE_SCHEMA as tableCatalog,COLUMN_NAME as columnName,REFERENCED_TABLE_SCHEMA as referencedTableSchema,REFERENCED_TABLE_SCHEMA as referencedTableCatalog,REFERENCED_TABLE_NAME as referencedTableName,REFERENCED_COLUMN_NAME as referencedColumnName FROM INFORMATION_SCHEMA.KEY_COLUMN_USAGE where TABLE_NAME = 'sale_details' AND CONSTRAINT_NAME!='PRIMARY' AND CONSTRAINT_SCHEMA='movil_care' AND REFERENCED_TABLE_NAME IS NOT NULL;
Executing (default): SELECT CONSTRAINT_CATALOG AS constraintCatalog, CONSTRAINT_NAME AS constraintName, CONSTRAINT_SCHEMA AS constraintSchema, CONSTRAINT_TYPE AS constraintType, TABLE_NAME AS tableName, TABLE_SCHEMA AS tableSchema from INFORMATION_SCHEMA.TABLE_CONSTRAINTS WHERE table_name='sale_details' AND constraint_name = 'sale_details_ibfk_55' AND TABLE_SCHEMA = 'movil_care';
Executing (default): ALTER TABLE `sale_details` DROP FOREIGN KEY `sale_details_ibfk_55`;
Executing (default): ALTER TABLE `sale_details` ADD FOREIGN KEY (`sale_id`) REFERENCES `sales` (`id`) ON DELETE RESTRICT ON UPDATE CASCADE;
Executing (default): SELECT CONSTRAINT_CATALOG AS constraintCatalog, CONSTRAINT_NAME AS constraintName, CONSTRAINT_SCHEMA AS constraintSchema, CONSTRAINT_TYPE AS constraintType, TABLE_NAME AS tableName, TABLE_SCHEMA AS tableSchema from INFORMATION_SCHEMA.TABLE_CONSTRAINTS WHERE table_name='sale_details' AND constraint_name = 'sale_details_ibfk_56' AND TABLE_SCHEMA = 'movil_care';
Executing (default): ALTER TABLE `sale_details` DROP FOREIGN KEY `sale_details_ibfk_56`;
Executing (default): ALTER TABLE `sale_details` ADD FOREIGN KEY (`product_id`) REFERENCES `products` (`id`) ON DELETE RESTRICT ON UPDATE CASCADE;
Executing (default): SELECT CONSTRAINT_CATALOG AS constraintCatalog, CONSTRAINT_NAME AS constraintName, CONSTRAINT_SCHEMA AS constraintSchema, CONSTRAINT_TYPE AS constraintType, TABLE_NAME AS tableName, TABLE_SCHEMA AS tableSchema from INFORMATION_SCHEMA.TABLE_CONSTRAINTS WHERE table_name='sale_details' AND constraint_name = 'sale_details_ibfk_57' AND TABLE_SCHEMA = 'movil_care';
Executing (default): ALTER TABLE `sale_details` DROP FOREIGN KEY `sale_details_ibfk_57`;
Executing (default): ALTER TABLE `sale_details` ADD FOREIGN KEY (`serialized_unit_id`) REFERENCES `serialized_units` (`id`) ON DELETE RESTRICT ON UPDATE CASCADE;
Executing (default): ALTER TABLE `sale_details` CHANGE `quantity` `quantity` INTEGER NOT NULL;
Executing (default): ALTER TABLE `sale_details` CHANGE `unit_price` `unit_price` DECIMAL(12,2) NOT NULL;
Executing (default): ALTER TABLE `sale_details` CHANGE `discount` `discount` DECIMAL(12,2) NOT NULL DEFAULT 0;
Executing (default): ALTER TABLE `sale_details` CHANGE `tax_percentage` `tax_percentage` DECIMAL(5,2) DEFAULT 0;
Executing (default): ALTER TABLE `sale_details` CHANGE `total` `total` DECIMAL(12,2) NOT NULL;
Executing (default): ALTER TABLE `sale_details` CHANGE `notes` `notes` VARCHAR(255);
Executing (default): ALTER TABLE `sale_details` CHANGE `created_at` `created_at` DATETIME NOT NULL;
Executing (default): ALTER TABLE `sale_details` CHANGE `updated_at` `updated_at` DATETIME NOT NULL;
Executing (default): SHOW INDEX FROM `sale_details`
Executing (default): SELECT TABLE_NAME FROM INFORMATION_SCHEMA.TABLES WHERE TABLE_TYPE = 'BASE TABLE' AND TABLE_NAME = 'warranties' AND TABLE_SCHEMA = 'movil_care'
Executing (default): SHOW FULL COLUMNS FROM `warranties`;
Executing (default): SELECT CONSTRAINT_NAME as constraint_name,CONSTRAINT_NAME as constraintName,CONSTRAINT_SCHEMA as constraintSchema,CONSTRAINT_SCHEMA as constraintCatalog,TABLE_NAME as tableName,TABLE_SCHEMA as tableSchema,TABLE_SCHEMA as tableCatalog,COLUMN_NAME as columnName,REFERENCED_TABLE_SCHEMA as referencedTableSchema,REFERENCED_TABLE_SCHEMA as referencedTableCatalog,REFERENCED_TABLE_NAME as referencedTableName,REFERENCED_COLUMN_NAME as referencedColumnName FROM INFORMATION_SCHEMA.KEY_COLUMN_USAGE where TABLE_NAME = 'warranties' AND CONSTRAINT_NAME!='PRIMARY' AND CONSTRAINT_SCHEMA='movil_care' AND REFERENCED_TABLE_NAME IS NOT NULL;
Executing (default): SELECT CONSTRAINT_CATALOG AS constraintCatalog, CONSTRAINT_NAME AS constraintName, CONSTRAINT_SCHEMA AS constraintSchema, CONSTRAINT_TYPE AS constraintType, TABLE_NAME AS tableName, TABLE_SCHEMA AS tableSchema from INFORMATION_SCHEMA.TABLE_CONSTRAINTS WHERE table_name='warranties' AND constraint_name = 'warranties_ibfk_25' AND TABLE_SCHEMA = 'movil_care';
Executing (default): ALTER TABLE `warranties` DROP FOREIGN KEY `warranties_ibfk_25`;
Executing (default): ALTER TABLE `warranties` ADD FOREIGN KEY (`sale_detail_id`) REFERENCES `sale_details` (`id`) ON DELETE RESTRICT ON UPDATE CASCADE;
Executing (default): SELECT CONSTRAINT_CATALOG AS constraintCatalog, CONSTRAINT_NAME AS constraintName, CONSTRAINT_SCHEMA AS constraintSchema, CONSTRAINT_TYPE AS constraintType, TABLE_NAME AS tableName, TABLE_SCHEMA AS tableSchema from INFORMATION_SCHEMA.TABLE_CONSTRAINTS WHERE table_name='warranties' AND constraint_name = 'warranties_ibfk_26' AND TABLE_SCHEMA = 'movil_care';
Executing (default): ALTER TABLE `warranties` DROP FOREIGN KEY `warranties_ibfk_26`;
Executing (default): ALTER TABLE `warranties` ADD FOREIGN KEY (`serialized_unit_id`) REFERENCES `serialized_units` (`id`) ON DELETE RESTRICT ON UPDATE CASCADE;
Executing (default): ALTER TABLE `warranties` CHANGE `type` `type` ENUM('COMMERCIAL', 'EXTENDED', 'SUPPLIER') NOT NULL;
Executing (default): ALTER TABLE `warranties` CHANGE `coverage_description` `coverage_description` TEXT;
Executing (default): ALTER TABLE `warranties` CHANGE `start_date` `start_date` DATETIME NOT NULL;
Executing (default): ALTER TABLE `warranties` CHANGE `end_date` `end_date` DATETIME NOT NULL;
Executing (default): ALTER TABLE `warranties` CHANGE `state` `state` ENUM('VALID', 'EXPIRED', 'CANCELLED', 'CONSUMED') NOT NULL DEFAULT 'VALID';
Executing (default): ALTER TABLE `warranties` CHANGE `is_active` `is_active` TINYINT(1) NOT NULL DEFAULT true;
Executing (default): ALTER TABLE `warranties` CHANGE `created_at` `created_at` DATETIME NOT NULL;
Executing (default): ALTER TABLE `warranties` CHANGE `updated_at` `updated_at` DATETIME NOT NULL;
Executing (default): SHOW INDEX FROM `warranties`
Executing (default): SELECT TABLE_NAME FROM INFORMATION_SCHEMA.TABLES WHERE TABLE_TYPE = 'BASE TABLE' AND TABLE_NAME = 'service_orders' AND TABLE_SCHEMA = 'movil_care'
Executing (default): SHOW FULL COLUMNS FROM `service_orders`;
Executing (default): SELECT CONSTRAINT_NAME as constraint_name,CONSTRAINT_NAME as constraintName,CONSTRAINT_SCHEMA as constraintSchema,CONSTRAINT_SCHEMA as constraintCatalog,TABLE_NAME as tableName,TABLE_SCHEMA as tableSchema,TABLE_SCHEMA as tableCatalog,COLUMN_NAME as columnName,REFERENCED_TABLE_SCHEMA as referencedTableSchema,REFERENCED_TABLE_SCHEMA as referencedTableCatalog,REFERENCED_TABLE_NAME as referencedTableName,REFERENCED_COLUMN_NAME as referencedColumnName FROM INFORMATION_SCHEMA.KEY_COLUMN_USAGE where TABLE_NAME = 'service_orders' AND CONSTRAINT_NAME!='PRIMARY' AND CONSTRAINT_SCHEMA='movil_care' AND REFERENCED_TABLE_NAME IS NOT NULL;
Executing (default): ALTER TABLE `service_orders` CHANGE `number` `number` VARCHAR(20) NOT NULL UNIQUE;
Executing (default): SELECT CONSTRAINT_CATALOG AS constraintCatalog, CONSTRAINT_NAME AS constraintName, CONSTRAINT_SCHEMA AS constraintSchema, CONSTRAINT_TYPE AS constraintType, TABLE_NAME AS tableName, TABLE_SCHEMA AS tableSchema from INFORMATION_SCHEMA.TABLE_CONSTRAINTS WHERE table_name='service_orders' AND constraint_name = 'service_orders_ibfk_41' AND TABLE_SCHEMA = 'movil_care';
Executing (default): ALTER TABLE `service_orders` DROP FOREIGN KEY `service_orders_ibfk_41`;
Executing (default): ALTER TABLE `service_orders` ADD FOREIGN KEY (`customer_id`) REFERENCES `customers` (`id`) ON DELETE RESTRICT ON UPDATE CASCADE;
Executing (default): SELECT CONSTRAINT_CATALOG AS constraintCatalog, CONSTRAINT_NAME AS constraintName, CONSTRAINT_SCHEMA AS constraintSchema, CONSTRAINT_TYPE AS constraintType, TABLE_NAME AS tableName, TABLE_SCHEMA AS tableSchema from INFORMATION_SCHEMA.TABLE_CONSTRAINTS WHERE table_name='service_orders' AND constraint_name = 'service_orders_ibfk_42' AND TABLE_SCHEMA = 'movil_care';
Executing (default): ALTER TABLE `service_orders` DROP FOREIGN KEY `service_orders_ibfk_42`;
Executing (default): ALTER TABLE `service_orders` ADD FOREIGN KEY (`serialized_unit_id`) REFERENCES `serialized_units` (`id`) ON DELETE RESTRICT ON UPDATE CASCADE;
Executing (default): SELECT CONSTRAINT_CATALOG AS constraintCatalog, CONSTRAINT_NAME AS constraintName, CONSTRAINT_SCHEMA AS constraintSchema, CONSTRAINT_TYPE AS constraintType, TABLE_NAME AS tableName, TABLE_SCHEMA AS tableSchema from INFORMATION_SCHEMA.TABLE_CONSTRAINTS WHERE table_name='service_orders' AND constraint_name = 'service_orders_ibfk_43' AND TABLE_SCHEMA = 'movil_care';
Executing (default): ALTER TABLE `service_orders` DROP FOREIGN KEY `service_orders_ibfk_43`;
Executing (default): ALTER TABLE `service_orders` ADD FOREIGN KEY (`technician_id`) REFERENCES `employees` (`id`) ON DELETE RESTRICT ON UPDATE CASCADE;
Executing (default): ALTER TABLE `service_orders` CHANGE `service_type` `service_type` ENUM('COMMERCIAL_WARRANTY', 'PAID_REPAIR', 'RECURRENCE') NOT NULL;
Executing (default): SELECT CONSTRAINT_CATALOG AS constraintCatalog, CONSTRAINT_NAME AS constraintName, CONSTRAINT_SCHEMA AS constraintSchema, CONSTRAINT_TYPE AS constraintType, TABLE_NAME AS tableName, TABLE_SCHEMA AS tableSchema from INFORMATION_SCHEMA.TABLE_CONSTRAINTS WHERE table_name='service_orders' AND constraint_name = 'service_orders_ibfk_44' AND TABLE_SCHEMA = 'movil_care';
Executing (default): ALTER TABLE `service_orders` DROP FOREIGN KEY `service_orders_ibfk_44`;
Executing (default): ALTER TABLE `service_orders` ADD FOREIGN KEY (`warranty_id`) REFERENCES `warranties` (`id`) ON DELETE RESTRICT ON UPDATE CASCADE;
Executing (default): SELECT CONSTRAINT_CATALOG AS constraintCatalog, CONSTRAINT_NAME AS constraintName, CONSTRAINT_SCHEMA AS constraintSchema, CONSTRAINT_TYPE AS constraintType, TABLE_NAME AS tableName, TABLE_SCHEMA AS tableSchema from INFORMATION_SCHEMA.TABLE_CONSTRAINTS WHERE table_name='service_orders' AND constraint_name = 'service_orders_ibfk_45' AND TABLE_SCHEMA = 'movil_care';
Executing (default): ALTER TABLE `service_orders` DROP FOREIGN KEY `service_orders_ibfk_45`;
Executing (default): ALTER TABLE `service_orders` ADD FOREIGN KEY (`origin_order_id`) REFERENCES `service_orders` (`id`) ON DELETE RESTRICT ON UPDATE CASCADE;
Executing (default): ALTER TABLE `service_orders` CHANGE `reported_issue` `reported_issue` TEXT NOT NULL;
Executing (default): ALTER TABLE `service_orders` CHANGE `intake_condition` `intake_condition` TEXT;
Executing (default): ALTER TABLE `service_orders` CHANGE `received_accessories` `received_accessories` VARCHAR(255);
Executing (default): ALTER TABLE `service_orders` CHANGE `opened_at` `opened_at` DATETIME NOT NULL;
Executing (default): ALTER TABLE `service_orders` CHANGE `estimated_delivery_date` `estimated_delivery_date` DATETIME;
Executing (default): ALTER TABLE `service_orders` CHANGE `closed_at` `closed_at` DATETIME;
Executing (default): ALTER TABLE `service_orders` CHANGE `total` `total` DECIMAL(12,2) NOT NULL DEFAULT 0;
Executing (default): ALTER TABLE `service_orders` CHANGE `state` `state` ENUM('RECEIVED', 'DIAGNOSING', 'AWAITING_AUTHORIZATION', 'IN_REPAIR', 'READY', 'DELIVERED', 'REJECTED', 'CANCELLED') NOT NULL DEFAULT 'RECEIVED';
Executing (default): ALTER TABLE `service_orders` CHANGE `created_at` `created_at` DATETIME NOT NULL;
Executing (default): ALTER TABLE `service_orders` CHANGE `updated_at` `updated_at` DATETIME NOT NULL;
Executing (default): SHOW INDEX FROM `service_orders`
Executing (default): SELECT TABLE_NAME FROM INFORMATION_SCHEMA.TABLES WHERE TABLE_TYPE = 'BASE TABLE' AND TABLE_NAME = 'diagnostics' AND TABLE_SCHEMA = 'movil_care'
Executing (default): SHOW FULL COLUMNS FROM `diagnostics`;
Executing (default): SELECT CONSTRAINT_NAME as constraint_name,CONSTRAINT_NAME as constraintName,CONSTRAINT_SCHEMA as constraintSchema,CONSTRAINT_SCHEMA as constraintCatalog,TABLE_NAME as tableName,TABLE_SCHEMA as tableSchema,TABLE_SCHEMA as tableCatalog,COLUMN_NAME as columnName,REFERENCED_TABLE_SCHEMA as referencedTableSchema,REFERENCED_TABLE_SCHEMA as referencedTableCatalog,REFERENCED_TABLE_NAME as referencedTableName,REFERENCED_COLUMN_NAME as referencedColumnName FROM INFORMATION_SCHEMA.KEY_COLUMN_USAGE where TABLE_NAME = 'diagnostics' AND CONSTRAINT_NAME!='PRIMARY' AND CONSTRAINT_SCHEMA='movil_care' AND REFERENCED_TABLE_NAME IS NOT NULL;
Executing (default): SELECT CONSTRAINT_CATALOG AS constraintCatalog, CONSTRAINT_NAME AS constraintName, CONSTRAINT_SCHEMA AS constraintSchema, CONSTRAINT_TYPE AS constraintType, TABLE_NAME AS tableName, TABLE_SCHEMA AS tableSchema from INFORMATION_SCHEMA.TABLE_CONSTRAINTS WHERE table_name='diagnostics' AND constraint_name = 'diagnostics_ibfk_17' AND TABLE_SCHEMA = 'movil_care';
Executing (default): ALTER TABLE `diagnostics` DROP FOREIGN KEY `diagnostics_ibfk_17`;
Executing (default): ALTER TABLE `diagnostics` ADD FOREIGN KEY (`service_order_id`) REFERENCES `service_orders` (`id`) ON DELETE RESTRICT ON UPDATE CASCADE;
Executing (default): SELECT CONSTRAINT_CATALOG AS constraintCatalog, CONSTRAINT_NAME AS constraintName, CONSTRAINT_SCHEMA AS constraintSchema, CONSTRAINT_TYPE AS constraintType, TABLE_NAME AS tableName, TABLE_SCHEMA AS tableSchema from INFORMATION_SCHEMA.TABLE_CONSTRAINTS WHERE table_name='diagnostics' AND constraint_name = 'diagnostics_ibfk_18' AND TABLE_SCHEMA = 'movil_care';
Executing (default): ALTER TABLE `diagnostics` DROP FOREIGN KEY `diagnostics_ibfk_18`;
Executing (default): ALTER TABLE `diagnostics` ADD FOREIGN KEY (`technician_id`) REFERENCES `employees` (`id`) ON DELETE RESTRICT ON UPDATE CASCADE;
Executing (default): ALTER TABLE `diagnostics` CHANGE `description` `description` TEXT NOT NULL;
Executing (default): ALTER TABLE `diagnostics` CHANGE `cause` `cause` ENUM('FACTORY_DEFECT', 'WEAR', 'MISUSE', 'MOISTURE', 'IMPACT', 'OTHER') NOT NULL;
Executing (default): ALTER TABLE `diagnostics` CHANGE `warranty_covered` `warranty_covered` TINYINT(1);
Executing (default): ALTER TABLE `diagnostics` CHANGE `labor_cost` `labor_cost` DECIMAL(12,2) NOT NULL DEFAULT 0;
Executing (default): ALTER TABLE `diagnostics` CHANGE `estimated_total` `estimated_total` DECIMAL(12,2) NOT NULL DEFAULT 0;
Executing (default): ALTER TABLE `diagnostics` CHANGE `diagnosed_at` `diagnosed_at` DATETIME NOT NULL;
Executing (default): ALTER TABLE `diagnostics` CHANGE `created_at` `created_at` DATETIME NOT NULL;
Executing (default): ALTER TABLE `diagnostics` CHANGE `updated_at` `updated_at` DATETIME NOT NULL;
Executing (default): SHOW INDEX FROM `diagnostics`
Executing (default): SELECT TABLE_NAME FROM INFORMATION_SCHEMA.TABLES WHERE TABLE_TYPE = 'BASE TABLE' AND TABLE_NAME = 'service_authorizations' AND TABLE_SCHEMA = 'movil_care'
Executing (default): SHOW FULL COLUMNS FROM `service_authorizations`;
Executing (default): SELECT CONSTRAINT_NAME as constraint_name,CONSTRAINT_NAME as constraintName,CONSTRAINT_SCHEMA as constraintSchema,CONSTRAINT_SCHEMA as constraintCatalog,TABLE_NAME as tableName,TABLE_SCHEMA as tableSchema,TABLE_SCHEMA as tableCatalog,COLUMN_NAME as columnName,REFERENCED_TABLE_SCHEMA as referencedTableSchema,REFERENCED_TABLE_SCHEMA as referencedTableCatalog,REFERENCED_TABLE_NAME as referencedTableName,REFERENCED_COLUMN_NAME as referencedColumnName FROM INFORMATION_SCHEMA.KEY_COLUMN_USAGE where TABLE_NAME = 'service_authorizations' AND CONSTRAINT_NAME!='PRIMARY' AND CONSTRAINT_SCHEMA='movil_care' AND REFERENCED_TABLE_NAME IS NOT NULL;
Executing (default): SELECT CONSTRAINT_CATALOG AS constraintCatalog, CONSTRAINT_NAME AS constraintName, CONSTRAINT_SCHEMA AS constraintSchema, CONSTRAINT_TYPE AS constraintType, TABLE_NAME AS tableName, TABLE_SCHEMA AS tableSchema from INFORMATION_SCHEMA.TABLE_CONSTRAINTS WHERE table_name='service_authorizations' AND constraint_name = 'service_authorizations_ibfk_17' AND TABLE_SCHEMA = 'movil_care';
Executing (default): ALTER TABLE `service_authorizations` DROP FOREIGN KEY `service_authorizations_ibfk_17`;
Executing (default): ALTER TABLE `service_authorizations` ADD FOREIGN KEY (`diagnostic_id`) REFERENCES `diagnostics` (`id`) ON DELETE RESTRICT ON UPDATE CASCADE;
Executing (default): ALTER TABLE `service_authorizations` CHANGE `state` `state` ENUM('PENDING', 'APPROVED', 'REJECTED') NOT NULL;
Executing (default): ALTER TABLE `service_authorizations` CHANGE `authorized_amount` `authorized_amount` DECIMAL(12,2) NOT NULL;
Executing (default): ALTER TABLE `service_authorizations` CHANGE `channel` `channel` ENUM('IN_PERSON', 'PHONE', 'WHATSAPP', 'EMAIL', 'DIGITAL_SIGNATURE') NOT NULL;
Executing (default): ALTER TABLE `service_authorizations` CHANGE `responded_at` `responded_at` DATETIME;
Executing (default): ALTER TABLE `service_authorizations` CHANGE `notes` `notes` VARCHAR(255);
Executing (default): SELECT CONSTRAINT_CATALOG AS constraintCatalog, CONSTRAINT_NAME AS constraintName, CONSTRAINT_SCHEMA AS constraintSchema, CONSTRAINT_TYPE AS constraintType, TABLE_NAME AS tableName, TABLE_SCHEMA AS tableSchema from INFORMATION_SCHEMA.TABLE_CONSTRAINTS WHERE table_name='service_authorizations' AND constraint_name = 'service_authorizations_ibfk_18' AND TABLE_SCHEMA = 'movil_care';
Executing (default): ALTER TABLE `service_authorizations` DROP FOREIGN KEY `service_authorizations_ibfk_18`;
Executing (default): ALTER TABLE `service_authorizations` ADD FOREIGN KEY (`recorded_by`) REFERENCES `employees` (`id`) ON DELETE RESTRICT ON UPDATE CASCADE;
Executing (default): ALTER TABLE `service_authorizations` CHANGE `created_at` `created_at` DATETIME NOT NULL;
Executing (default): ALTER TABLE `service_authorizations` CHANGE `updated_at` `updated_at` DATETIME NOT NULL;
Executing (default): SHOW INDEX FROM `service_authorizations`
🚀 Servidor ejecutándose en puerto 4000
[0mGET /api/docs.json [33m404[0m 81.703 ms - 152[0m
[32m[nodemon] restarting due to changes...[39m
[32m[nodemon] starting `ts-node src/server.ts`[39m
[32m[nodemon] restarting due to changes...[39m
[32m[nodemon] starting `ts-node src/server.ts`[39m
◇ injected env (8) from .env // tip: ⌘ suppress logs { quiet: true }
/home/andrs_moscote/ia-lab/dw/dw-2026-ANDRES7705/proyects/movil_care/app-movilcare-express/node_modules/ts-node/src/index.ts:859
    return new TSError(diagnosticText, diagnosticCodes, diagnostics);
           ^
TSError: ⨯ Unable to compile TypeScript:
src/swagger/index.ts(2,23): error TS2307: Cannot find module 'swagger-ui-express' or its corresponding type declarations.

    at createTSError (/home/andrs_moscote/ia-lab/dw/dw-2026-ANDRES7705/proyects/movil_care/app-movilcare-express/node_modules/ts-node/src/index.ts:859:12)
    at reportTSError (/home/andrs_moscote/ia-lab/dw/dw-2026-ANDRES7705/proyects/movil_care/app-movilcare-express/node_modules/ts-node/src/index.ts:863:19)
    at getOutput (/home/andrs_moscote/ia-lab/dw/dw-2026-ANDRES7705/proyects/movil_care/app-movilcare-express/node_modules/ts-node/src/index.ts:1077:36)
    at Object.compile (/home/andrs_moscote/ia-lab/dw/dw-2026-ANDRES7705/proyects/movil_care/app-movilcare-express/node_modules/ts-node/src/index.ts:1433:41)
    at Module.m._compile (/home/andrs_moscote/ia-lab/dw/dw-2026-ANDRES7705/proyects/movil_care/app-movilcare-express/node_modules/ts-node/src/index.ts:1617:30)
    at node:internal/modules/cjs/loader:1913:10
    at Object.require.extensions.<computed> [as .ts] (/home/andrs_moscote/ia-lab/dw/dw-2026-ANDRES7705/proyects/movil_care/app-movilcare-express/node_modules/ts-node/src/index.ts:1621:12)
    at Module.load (node:internal/modules/cjs/loader:1505:32)
    at Function._load (node:internal/modules/cjs/loader:1309:12)
    at wrapModuleLoad (node:internal/modules/cjs/loader:254:19) {
  diagnosticCodes: [ 2307 ]
}
[31m[nodemon] app crashed - waiting for file changes before starting...[39m
[32m[nodemon] restarting due to changes...[39m
[32m[nodemon] starting `ts-node src/server.ts`[39m
[32m[nodemon] restarting due to changes...[39m
[32m[nodemon] starting `ts-node src/server.ts`[39m
[32m[nodemon] restarting due to changes...[39m
[32m[nodemon] starting `ts-node src/server.ts`[39m
◇ injected env (8) from .env // tip: ⌁ auth for agents [www.vestauth.com]
◇ injected env (0) from .env // tip: ⌘ custom filepath { path: '/custom/path/.env' }
📘 Swagger UI: /api/docs | OpenAPI JSON: /api/docs.json
Executing (default): SELECT 1+1 AS result
MySQL connection established
Executing (default): SELECT TABLE_NAME FROM INFORMATION_SCHEMA.TABLES WHERE TABLE_TYPE = 'BASE TABLE' AND TABLE_NAME = 'products' AND TABLE_SCHEMA = 'movil_care'
Executing (default): SHOW FULL COLUMNS FROM `products`;
Executing (default): SELECT CONSTRAINT_NAME as constraint_name,CONSTRAINT_NAME as constraintName,CONSTRAINT_SCHEMA as constraintSchema,CONSTRAINT_SCHEMA as constraintCatalog,TABLE_NAME as tableName,TABLE_SCHEMA as tableSchema,TABLE_SCHEMA as tableCatalog,COLUMN_NAME as columnName,REFERENCED_TABLE_SCHEMA as referencedTableSchema,REFERENCED_TABLE_SCHEMA as referencedTableCatalog,REFERENCED_TABLE_NAME as referencedTableName,REFERENCED_COLUMN_NAME as referencedColumnName FROM INFORMATION_SCHEMA.KEY_COLUMN_USAGE where TABLE_NAME = 'products' AND CONSTRAINT_NAME!='PRIMARY' AND CONSTRAINT_SCHEMA='movil_care' AND REFERENCED_TABLE_NAME IS NOT NULL;
Executing (default): ALTER TABLE `products` CHANGE `sku` `sku` VARCHAR(40) NOT NULL UNIQUE;
Executing (default): ALTER TABLE `products` CHANGE `name` `name` VARCHAR(150) NOT NULL;
Executing (default): ALTER TABLE `products` CHANGE `description` `description` TEXT;
Executing (default): ALTER TABLE `products` CHANGE `type` `type` ENUM('EQUIPMENT', 'ACCESSORY') NOT NULL;
Executing (default): ALTER TABLE `products` CHANGE `brand` `brand` VARCHAR(80);
Executing (default): ALTER TABLE `products` CHANGE `model` `model` VARCHAR(80);
Executing (default): ALTER TABLE `products` CHANGE `requires_serial` `requires_serial` TINYINT(1) NOT NULL DEFAULT false;
Executing (default): ALTER TABLE `products` CHANGE `cost` `cost` DECIMAL(12,2);
Executing (default): ALTER TABLE `products` CHANGE `price` `price` DECIMAL(12,2) NOT NULL;
Executing (default): ALTER TABLE `products` CHANGE `tax_percentage` `tax_percentage` DECIMAL(5,2) NOT NULL DEFAULT 0;
Executing (default): ALTER TABLE `products` CHANGE `default_warranty_months` `default_warranty_months` SMALLINT NOT NULL DEFAULT 0;
Executing (default): ALTER TABLE `products` CHANGE `is_active` `is_active` TINYINT(1) NOT NULL DEFAULT true;
Executing (default): ALTER TABLE `products` CHANGE `created_at` `created_at` DATETIME NOT NULL;
Executing (default): ALTER TABLE `products` CHANGE `updated_at` `updated_at` DATETIME NOT NULL;
Executing (default): SHOW INDEX FROM `products`
Executing (default): SELECT TABLE_NAME FROM INFORMATION_SCHEMA.TABLES WHERE TABLE_TYPE = 'BASE TABLE' AND TABLE_NAME = 'customers' AND TABLE_SCHEMA = 'movil_care'
Executing (default): SHOW FULL COLUMNS FROM `customers`;
Executing (default): SELECT CONSTRAINT_NAME as constraint_name,CONSTRAINT_NAME as constraintName,CONSTRAINT_SCHEMA as constraintSchema,CONSTRAINT_SCHEMA as constraintCatalog,TABLE_NAME as tableName,TABLE_SCHEMA as tableSchema,TABLE_SCHEMA as tableCatalog,COLUMN_NAME as columnName,REFERENCED_TABLE_SCHEMA as referencedTableSchema,REFERENCED_TABLE_SCHEMA as referencedTableCatalog,REFERENCED_TABLE_NAME as referencedTableName,REFERENCED_COLUMN_NAME as referencedColumnName FROM INFORMATION_SCHEMA.KEY_COLUMN_USAGE where TABLE_NAME = 'customers' AND CONSTRAINT_NAME!='PRIMARY' AND CONSTRAINT_SCHEMA='movil_care' AND REFERENCED_TABLE_NAME IS NOT NULL;
Executing (default): ALTER TABLE `customers` CHANGE `document_type` `document_type` ENUM('CC', 'CE', 'NIT', 'PASSPORT', 'TI') NOT NULL;
Executing (default): ALTER TABLE `customers` CHANGE `document_number` `document_number` VARCHAR(30) NOT NULL;
Executing (default): ALTER TABLE `customers` CHANGE `first_name` `first_name` VARCHAR(100) NOT NULL;
Executing (default): ALTER TABLE `customers` CHANGE `last_name` `last_name` VARCHAR(100);
Executing (default): ALTER TABLE `customers` CHANGE `company_name` `company_name` VARCHAR(150);
Executing (default): ALTER TABLE `customers` CHANGE `phone` `phone` VARCHAR(20);
Executing (default): ALTER TABLE `customers` CHANGE `email` `email` VARCHAR(120) UNIQUE;
Executing (default): ALTER TABLE `customers` CHANGE `address` `address` VARCHAR(200);
Executing (default): ALTER TABLE `customers` CHANGE `is_active` `is_active` TINYINT(1) NOT NULL DEFAULT true;
Executing (default): ALTER TABLE `customers` CHANGE `created_at` `created_at` DATETIME NOT NULL;
Executing (default): ALTER TABLE `customers` CHANGE `updated_at` `updated_at` DATETIME NOT NULL;
Executing (default): SHOW INDEX FROM `customers`
Executing (default): SELECT TABLE_NAME FROM INFORMATION_SCHEMA.TABLES WHERE TABLE_TYPE = 'BASE TABLE' AND TABLE_NAME = 'employees' AND TABLE_SCHEMA = 'movil_care'
Executing (default): SHOW FULL COLUMNS FROM `employees`;
Executing (default): SELECT CONSTRAINT_NAME as constraint_name,CONSTRAINT_NAME as constraintName,CONSTRAINT_SCHEMA as constraintSchema,CONSTRAINT_SCHEMA as constraintCatalog,TABLE_NAME as tableName,TABLE_SCHEMA as tableSchema,TABLE_SCHEMA as tableCatalog,COLUMN_NAME as columnName,REFERENCED_TABLE_SCHEMA as referencedTableSchema,REFERENCED_TABLE_SCHEMA as referencedTableCatalog,REFERENCED_TABLE_NAME as referencedTableName,REFERENCED_COLUMN_NAME as referencedColumnName FROM INFORMATION_SCHEMA.KEY_COLUMN_USAGE where TABLE_NAME = 'employees' AND CONSTRAINT_NAME!='PRIMARY' AND CONSTRAINT_SCHEMA='movil_care' AND REFERENCED_TABLE_NAME IS NOT NULL;
Executing (default): ALTER TABLE `employees` CHANGE `name` `name` VARCHAR(150) NOT NULL;
Executing (default): ALTER TABLE `employees` CHANGE `document` `document` VARCHAR(30) UNIQUE;
Executing (default): ALTER TABLE `employees` CHANGE `role` `role` ENUM('SELLER', 'TECHNICIAN', 'ADMIN') NOT NULL;
Executing (default): ALTER TABLE `employees` CHANGE `email` `email` VARCHAR(120) UNIQUE;
Executing (default): ALTER TABLE `employees` CHANGE `is_active` `is_active` TINYINT(1) NOT NULL DEFAULT true;
Executing (default): ALTER TABLE `employees` CHANGE `created_at` `created_at` DATETIME NOT NULL;
Executing (default): ALTER TABLE `employees` CHANGE `updated_at` `updated_at` DATETIME NOT NULL;
Executing (default): SHOW INDEX FROM `employees`
Executing (default): SELECT TABLE_NAME FROM INFORMATION_SCHEMA.TABLES WHERE TABLE_TYPE = 'BASE TABLE' AND TABLE_NAME = 'spare_parts' AND TABLE_SCHEMA = 'movil_care'
Executing (default): SHOW FULL COLUMNS FROM `spare_parts`;
Executing (default): SELECT CONSTRAINT_NAME as constraint_name,CONSTRAINT_NAME as constraintName,CONSTRAINT_SCHEMA as constraintSchema,CONSTRAINT_SCHEMA as constraintCatalog,TABLE_NAME as tableName,TABLE_SCHEMA as tableSchema,TABLE_SCHEMA as tableCatalog,COLUMN_NAME as columnName,REFERENCED_TABLE_SCHEMA as referencedTableSchema,REFERENCED_TABLE_SCHEMA as referencedTableCatalog,REFERENCED_TABLE_NAME as referencedTableName,REFERENCED_COLUMN_NAME as referencedColumnName FROM INFORMATION_SCHEMA.KEY_COLUMN_USAGE where TABLE_NAME = 'spare_parts' AND CONSTRAINT_NAME!='PRIMARY' AND CONSTRAINT_SCHEMA='movil_care' AND REFERENCED_TABLE_NAME IS NOT NULL;
Executing (default): ALTER TABLE `spare_parts` CHANGE `sku` `sku` VARCHAR(40) NOT NULL UNIQUE;
Executing (default): ALTER TABLE `spare_parts` CHANGE `name` `name` VARCHAR(150) NOT NULL;
Executing (default): ALTER TABLE `spare_parts` CHANGE `description` `description` TEXT;
Executing (default): ALTER TABLE `spare_parts` CHANGE `compatibility` `compatibility` VARCHAR(255);
Executing (default): ALTER TABLE `spare_parts` CHANGE `cost` `cost` DECIMAL(12,2);
Executing (default): ALTER TABLE `spare_parts` CHANGE `price` `price` DECIMAL(12,2);
Executing (default): ALTER TABLE `spare_parts` CHANGE `current_stock` `current_stock` INTEGER NOT NULL DEFAULT 0;
Executing (default): ALTER TABLE `spare_parts` CHANGE `minimum_stock` `minimum_stock` INTEGER NOT NULL DEFAULT 0;
Executing (default): ALTER TABLE `spare_parts` CHANGE `is_active` `is_active` TINYINT(1) NOT NULL DEFAULT true;
Executing (default): ALTER TABLE `spare_parts` CHANGE `created_at` `created_at` DATETIME NOT NULL;
Executing (default): ALTER TABLE `spare_parts` CHANGE `updated_at` `updated_at` DATETIME NOT NULL;
Executing (default): SHOW INDEX FROM `spare_parts`
Executing (default): SELECT TABLE_NAME FROM INFORMATION_SCHEMA.TABLES WHERE TABLE_TYPE = 'BASE TABLE' AND TABLE_NAME = 'serialized_units' AND TABLE_SCHEMA = 'movil_care'
Executing (default): SHOW FULL COLUMNS FROM `serialized_units`;
Executing (default): SELECT CONSTRAINT_NAME as constraint_name,CONSTRAINT_NAME as constraintName,CONSTRAINT_SCHEMA as constraintSchema,CONSTRAINT_SCHEMA as constraintCatalog,TABLE_NAME as tableName,TABLE_SCHEMA as tableSchema,TABLE_SCHEMA as tableCatalog,COLUMN_NAME as columnName,REFERENCED_TABLE_SCHEMA as referencedTableSchema,REFERENCED_TABLE_SCHEMA as referencedTableCatalog,REFERENCED_TABLE_NAME as referencedTableName,REFERENCED_COLUMN_NAME as referencedColumnName FROM INFORMATION_SCHEMA.KEY_COLUMN_USAGE where TABLE_NAME = 'serialized_units' AND CONSTRAINT_NAME!='PRIMARY' AND CONSTRAINT_SCHEMA='movil_care' AND REFERENCED_TABLE_NAME IS NOT NULL;
Executing (default): SELECT CONSTRAINT_CATALOG AS constraintCatalog, CONSTRAINT_NAME AS constraintName, CONSTRAINT_SCHEMA AS constraintSchema, CONSTRAINT_TYPE AS constraintType, TABLE_NAME AS tableName, TABLE_SCHEMA AS tableSchema from INFORMATION_SCHEMA.TABLE_CONSTRAINTS WHERE table_name='serialized_units' AND constraint_name = 'serialized_units_ibfk_1' AND TABLE_SCHEMA = 'movil_care';
Executing (default): ALTER TABLE `serialized_units` DROP FOREIGN KEY `serialized_units_ibfk_1`;
Executing (default): ALTER TABLE `serialized_units` ADD FOREIGN KEY (`product_id`) REFERENCES `products` (`id`) ON DELETE RESTRICT ON UPDATE CASCADE;
[32m[nodemon] restarting due to changes...[39m
[32m[nodemon] starting `ts-node src/server.ts`[39m
[32m[nodemon] restarting due to changes...[39m
[32m[nodemon] starting `ts-node src/server.ts`[39m
[32m[nodemon] restarting due to changes...[39m
[32m[nodemon] starting `ts-node src/server.ts`[39m
[32m[nodemon] restarting due to changes...[39m
[32m[nodemon] starting `ts-node src/server.ts`[39m
[32m[nodemon] restarting due to changes...[39m
[32m[nodemon] starting `ts-node src/server.ts`[39m
[32m[nodemon] restarting due to changes...[39m
[32m[nodemon] restarting due to changes...[39m
[32m[nodemon] starting `ts-node src/server.ts`[39m
◇ injected env (8) from .env // tip: ◈ encrypted .env [www.dotenvx.com]
[32m[nodemon] restarting due to changes...[39m
[32m[nodemon] restarting due to changes...[39m
[32m[nodemon] starting `ts-node src/server.ts`[39m
◇ injected env (8) from .env // tip: ◈ secrets for agents [www.dotenvx.com]
/home/andrs_moscote/ia-lab/dw/dw-2026-ANDRES7705/proyects/movil_care/app-movilcare-express/node_modules/ts-node/src/index.ts:859
    return new TSError(diagnosticText, diagnosticCodes, diagnostics);
           ^
TSError: ⨯ Unable to compile TypeScript:
src/features/businesses/product-types/product-types.controller.ts(123,26): error TS2339: Property 'trim' does not exist on type '{}'.
src/features/businesses/product-types/product-types.controller.ts(151,26): error TS2339: Property 'trim' does not exist on type '{}'.
src/features/businesses/product-types/product-types.controller.ts(179,51): error TS18047: 'body.name' is possibly 'null'.
src/features/businesses/product-types/product-types.controller.ts(179,61): error TS2339: Property 'trim' does not exist on type '{}'.

    at createTSError (/home/andrs_moscote/ia-lab/dw/dw-2026-ANDRES7705/proyects/movil_care/app-movilcare-express/node_modules/ts-node/src/index.ts:859:12)
    at reportTSError (/home/andrs_moscote/ia-lab/dw/dw-2026-ANDRES7705/proyects/movil_care/app-movilcare-express/node_modules/ts-node/src/index.ts:863:19)
    at getOutput (/home/andrs_moscote/ia-lab/dw/dw-2026-ANDRES7705/proyects/movil_care/app-movilcare-express/node_modules/ts-node/src/index.ts:1077:36)
    at Object.compile (/home/andrs_moscote/ia-lab/dw/dw-2026-ANDRES7705/proyects/movil_care/app-movilcare-express/node_modules/ts-node/src/index.ts:1433:41)
    at Module.m._compile (/home/andrs_moscote/ia-lab/dw/dw-2026-ANDRES7705/proyects/movil_care/app-movilcare-express/node_modules/ts-node/src/index.ts:1617:30)
    at node:internal/modules/cjs/loader:1913:10
    at Object.require.extensions.<computed> [as .ts] (/home/andrs_moscote/ia-lab/dw/dw-2026-ANDRES7705/proyects/movil_care/app-movilcare-express/node_modules/ts-node/src/index.ts:1621:12)
    at Module.load (node:internal/modules/cjs/loader:1505:32)
    at Function._load (node:internal/modules/cjs/loader:1309:12)
    at wrapModuleLoad (node:internal/modules/cjs/loader:254:19) {
  diagnosticCodes: [ 2339, 2339, 18047, 2339 ]
}
[31m[nodemon] app crashed - waiting for file changes before starting...[39m
[32m[nodemon] restarting due to changes...[39m
[32m[nodemon] starting `ts-node src/server.ts`[39m
◇ injected env (8) from .env // tip: ◈ encrypted .env [www.dotenvx.com]
◇ injected env (0) from .env // tip: ⌘ multiple files { path: ['.env.local', '.env'] }
📘 Swagger UI: /api/docs | OpenAPI JSON: /api/docs.json
Executing (default): SELECT 1+1 AS result
MySQL connection established
Executing (default): SELECT TABLE_NAME FROM INFORMATION_SCHEMA.TABLES WHERE TABLE_TYPE = 'BASE TABLE' AND TABLE_NAME = 'products' AND TABLE_SCHEMA = 'movil_care'
Executing (default): SHOW FULL COLUMNS FROM `products`;
Executing (default): SELECT CONSTRAINT_NAME as constraint_name,CONSTRAINT_NAME as constraintName,CONSTRAINT_SCHEMA as constraintSchema,CONSTRAINT_SCHEMA as constraintCatalog,TABLE_NAME as tableName,TABLE_SCHEMA as tableSchema,TABLE_SCHEMA as tableCatalog,COLUMN_NAME as columnName,REFERENCED_TABLE_SCHEMA as referencedTableSchema,REFERENCED_TABLE_SCHEMA as referencedTableCatalog,REFERENCED_TABLE_NAME as referencedTableName,REFERENCED_COLUMN_NAME as referencedColumnName FROM INFORMATION_SCHEMA.KEY_COLUMN_USAGE where TABLE_NAME = 'products' AND CONSTRAINT_NAME!='PRIMARY' AND CONSTRAINT_SCHEMA='movil_care' AND REFERENCED_TABLE_NAME IS NOT NULL;
Executing (default): ALTER TABLE `products` CHANGE `sku` `sku` VARCHAR(40) NOT NULL UNIQUE;
Executing (default): ALTER TABLE `products` CHANGE `name` `name` VARCHAR(150) NOT NULL;
Executing (default): ALTER TABLE `products` CHANGE `description` `description` TEXT;
Executing (default): ALTER TABLE `products` CHANGE `type` `type` ENUM('EQUIPMENT', 'ACCESSORY') NOT NULL;
Executing (default): ALTER TABLE `products` CHANGE `brand` `brand` VARCHAR(80);
Executing (default): ALTER TABLE `products` CHANGE `model` `model` VARCHAR(80);
Executing (default): ALTER TABLE `products` CHANGE `requires_serial` `requires_serial` TINYINT(1) NOT NULL DEFAULT false;
Executing (default): ALTER TABLE `products` CHANGE `cost` `cost` DECIMAL(12,2);
Executing (default): ALTER TABLE `products` CHANGE `price` `price` DECIMAL(12,2) NOT NULL;
Executing (default): ALTER TABLE `products` CHANGE `tax_percentage` `tax_percentage` DECIMAL(5,2) NOT NULL DEFAULT 0;
Executing (default): ALTER TABLE `products` CHANGE `default_warranty_months` `default_warranty_months` SMALLINT NOT NULL DEFAULT 0;
Executing (default): ALTER TABLE `products` CHANGE `is_active` `is_active` TINYINT(1) NOT NULL DEFAULT true;
Executing (default): ALTER TABLE `products` CHANGE `created_at` `created_at` DATETIME NOT NULL;
Executing (default): ALTER TABLE `products` CHANGE `updated_at` `updated_at` DATETIME NOT NULL;
Executing (default): SHOW INDEX FROM `products`
Executing (default): SELECT TABLE_NAME FROM INFORMATION_SCHEMA.TABLES WHERE TABLE_TYPE = 'BASE TABLE' AND TABLE_NAME = 'product_types' AND TABLE_SCHEMA = 'movil_care'
Executing (default): CREATE TABLE IF NOT EXISTS `product_types` (`id` BIGINT auto_increment , `name` VARCHAR(100) NOT NULL, `description` VARCHAR(255), `status` ENUM('active', 'inactive') NOT NULL DEFAULT 'inactive', `created_at` DATETIME NOT NULL, `updated_at` DATETIME NOT NULL, PRIMARY KEY (`id`)) ENGINE=InnoDB;
Executing (default): SHOW INDEX FROM `product_types`
Executing (default): SELECT TABLE_NAME FROM INFORMATION_SCHEMA.TABLES WHERE TABLE_TYPE = 'BASE TABLE' AND TABLE_NAME = 'customers' AND TABLE_SCHEMA = 'movil_care'
Executing (default): SHOW FULL COLUMNS FROM `customers`;
Executing (default): SELECT CONSTRAINT_NAME as constraint_name,CONSTRAINT_NAME as constraintName,CONSTRAINT_SCHEMA as constraintSchema,CONSTRAINT_SCHEMA as constraintCatalog,TABLE_NAME as tableName,TABLE_SCHEMA as tableSchema,TABLE_SCHEMA as tableCatalog,COLUMN_NAME as columnName,REFERENCED_TABLE_SCHEMA as referencedTableSchema,REFERENCED_TABLE_SCHEMA as referencedTableCatalog,REFERENCED_TABLE_NAME as referencedTableName,REFERENCED_COLUMN_NAME as referencedColumnName FROM INFORMATION_SCHEMA.KEY_COLUMN_USAGE where TABLE_NAME = 'customers' AND CONSTRAINT_NAME!='PRIMARY' AND CONSTRAINT_SCHEMA='movil_care' AND REFERENCED_TABLE_NAME IS NOT NULL;
Executing (default): ALTER TABLE `customers` CHANGE `document_type` `document_type` ENUM('CC', 'CE', 'NIT', 'PASSPORT', 'TI') NOT NULL;
Executing (default): ALTER TABLE `customers` CHANGE `document_number` `document_number` VARCHAR(30) NOT NULL;
Executing (default): ALTER TABLE `customers` CHANGE `first_name` `first_name` VARCHAR(100) NOT NULL;
Executing (default): ALTER TABLE `customers` CHANGE `last_name` `last_name` VARCHAR(100);
Executing (default): ALTER TABLE `customers` CHANGE `company_name` `company_name` VARCHAR(150);
Executing (default): ALTER TABLE `customers` CHANGE `phone` `phone` VARCHAR(20);
Executing (default): ALTER TABLE `customers` CHANGE `email` `email` VARCHAR(120) UNIQUE;
Executing (default): ALTER TABLE `customers` CHANGE `address` `address` VARCHAR(200);
Executing (default): ALTER TABLE `customers` CHANGE `is_active` `is_active` TINYINT(1) NOT NULL DEFAULT true;
Executing (default): ALTER TABLE `customers` CHANGE `created_at` `created_at` DATETIME NOT NULL;
Executing (default): ALTER TABLE `customers` CHANGE `updated_at` `updated_at` DATETIME NOT NULL;
Executing (default): SHOW INDEX FROM `customers`
Executing (default): SELECT TABLE_NAME FROM INFORMATION_SCHEMA.TABLES WHERE TABLE_TYPE = 'BASE TABLE' AND TABLE_NAME = 'employees' AND TABLE_SCHEMA = 'movil_care'
Executing (default): SHOW FULL COLUMNS FROM `employees`;
Executing (default): SELECT CONSTRAINT_NAME as constraint_name,CONSTRAINT_NAME as constraintName,CONSTRAINT_SCHEMA as constraintSchema,CONSTRAINT_SCHEMA as constraintCatalog,TABLE_NAME as tableName,TABLE_SCHEMA as tableSchema,TABLE_SCHEMA as tableCatalog,COLUMN_NAME as columnName,REFERENCED_TABLE_SCHEMA as referencedTableSchema,REFERENCED_TABLE_SCHEMA as referencedTableCatalog,REFERENCED_TABLE_NAME as referencedTableName,REFERENCED_COLUMN_NAME as referencedColumnName FROM INFORMATION_SCHEMA.KEY_COLUMN_USAGE where TABLE_NAME = 'employees' AND CONSTRAINT_NAME!='PRIMARY' AND CONSTRAINT_SCHEMA='movil_care' AND REFERENCED_TABLE_NAME IS NOT NULL;
Executing (default): ALTER TABLE `employees` CHANGE `name` `name` VARCHAR(150) NOT NULL;
Executing (default): ALTER TABLE `employees` CHANGE `document` `document` VARCHAR(30) UNIQUE;
Executing (default): ALTER TABLE `employees` CHANGE `role` `role` ENUM('SELLER', 'TECHNICIAN', 'ADMIN') NOT NULL;
Executing (default): ALTER TABLE `employees` CHANGE `email` `email` VARCHAR(120) UNIQUE;
Executing (default): ALTER TABLE `employees` CHANGE `is_active` `is_active` TINYINT(1) NOT NULL DEFAULT true;
Executing (default): ALTER TABLE `employees` CHANGE `created_at` `created_at` DATETIME NOT NULL;
Executing (default): ALTER TABLE `employees` CHANGE `updated_at` `updated_at` DATETIME NOT NULL;
Executing (default): SHOW INDEX FROM `employees`
Executing (default): SELECT TABLE_NAME FROM INFORMATION_SCHEMA.TABLES WHERE TABLE_TYPE = 'BASE TABLE' AND TABLE_NAME = 'spare_parts' AND TABLE_SCHEMA = 'movil_care'
Executing (default): SHOW FULL COLUMNS FROM `spare_parts`;
Executing (default): SELECT CONSTRAINT_NAME as constraint_name,CONSTRAINT_NAME as constraintName,CONSTRAINT_SCHEMA as constraintSchema,CONSTRAINT_SCHEMA as constraintCatalog,TABLE_NAME as tableName,TABLE_SCHEMA as tableSchema,TABLE_SCHEMA as tableCatalog,COLUMN_NAME as columnName,REFERENCED_TABLE_SCHEMA as referencedTableSchema,REFERENCED_TABLE_SCHEMA as referencedTableCatalog,REFERENCED_TABLE_NAME as referencedTableName,REFERENCED_COLUMN_NAME as referencedColumnName FROM INFORMATION_SCHEMA.KEY_COLUMN_USAGE where TABLE_NAME = 'spare_parts' AND CONSTRAINT_NAME!='PRIMARY' AND CONSTRAINT_SCHEMA='movil_care' AND REFERENCED_TABLE_NAME IS NOT NULL;
Executing (default): ALTER TABLE `spare_parts` CHANGE `sku` `sku` VARCHAR(40) NOT NULL UNIQUE;
Executing (default): ALTER TABLE `spare_parts` CHANGE `name` `name` VARCHAR(150) NOT NULL;
Executing (default): ALTER TABLE `spare_parts` CHANGE `description` `description` TEXT;
Executing (default): ALTER TABLE `spare_parts` CHANGE `compatibility` `compatibility` VARCHAR(255);
Executing (default): ALTER TABLE `spare_parts` CHANGE `cost` `cost` DECIMAL(12,2);
Executing (default): ALTER TABLE `spare_parts` CHANGE `price` `price` DECIMAL(12,2);
Executing (default): ALTER TABLE `spare_parts` CHANGE `current_stock` `current_stock` INTEGER NOT NULL DEFAULT 0;
Executing (default): ALTER TABLE `spare_parts` CHANGE `minimum_stock` `minimum_stock` INTEGER NOT NULL DEFAULT 0;
Executing (default): ALTER TABLE `spare_parts` CHANGE `is_active` `is_active` TINYINT(1) NOT NULL DEFAULT true;
Executing (default): ALTER TABLE `spare_parts` CHANGE `created_at` `created_at` DATETIME NOT NULL;
Executing (default): ALTER TABLE `spare_parts` CHANGE `updated_at` `updated_at` DATETIME NOT NULL;
Executing (default): SHOW INDEX FROM `spare_parts`
Executing (default): SELECT TABLE_NAME FROM INFORMATION_SCHEMA.TABLES WHERE TABLE_TYPE = 'BASE TABLE' AND TABLE_NAME = 'serialized_units' AND TABLE_SCHEMA = 'movil_care'
Executing (default): SHOW FULL COLUMNS FROM `serialized_units`;
Executing (default): SELECT CONSTRAINT_NAME as constraint_name,CONSTRAINT_NAME as constraintName,CONSTRAINT_SCHEMA as constraintSchema,CONSTRAINT_SCHEMA as constraintCatalog,TABLE_NAME as tableName,TABLE_SCHEMA as tableSchema,TABLE_SCHEMA as tableCatalog,COLUMN_NAME as columnName,REFERENCED_TABLE_SCHEMA as referencedTableSchema,REFERENCED_TABLE_SCHEMA as referencedTableCatalog,REFERENCED_TABLE_NAME as referencedTableName,REFERENCED_COLUMN_NAME as referencedColumnName FROM INFORMATION_SCHEMA.KEY_COLUMN_USAGE where TABLE_NAME = 'serialized_units' AND CONSTRAINT_NAME!='PRIMARY' AND CONSTRAINT_SCHEMA='movil_care' AND REFERENCED_TABLE_NAME IS NOT NULL;
Executing (default): SELECT CONSTRAINT_CATALOG AS constraintCatalog, CONSTRAINT_NAME AS constraintName, CONSTRAINT_SCHEMA AS constraintSchema, CONSTRAINT_TYPE AS constraintType, TABLE_NAME AS tableName, TABLE_SCHEMA AS tableSchema from INFORMATION_SCHEMA.TABLE_CONSTRAINTS WHERE table_name='serialized_units' AND constraint_name = 'serialized_units_ibfk_1' AND TABLE_SCHEMA = 'movil_care';
Executing (default): ALTER TABLE `serialized_units` DROP FOREIGN KEY `serialized_units_ibfk_1`;
Executing (default): ALTER TABLE `serialized_units` ADD FOREIGN KEY (`product_id`) REFERENCES `products` (`id`) ON DELETE RESTRICT ON UPDATE CASCADE;
Executing (default): ALTER TABLE `serialized_units` CHANGE `serial` `serial` VARCHAR(80) NOT NULL UNIQUE;
Executing (default): ALTER TABLE `serialized_units` CHANGE `secondary_serial` `secondary_serial` VARCHAR(80) UNIQUE;
Executing (default): ALTER TABLE `serialized_units` CHANGE `state` `state` ENUM('IN_STOCK', 'SOLD', 'IN_SERVICE', 'RETIRED') NOT NULL DEFAULT 'IN_STOCK';
Executing (default): ALTER TABLE `serialized_units` CHANGE `received_at` `received_at` DATETIME;
Executing (default): ALTER TABLE `serialized_units` CHANGE `is_active` `is_active` TINYINT(1) NOT NULL DEFAULT true;
Executing (default): ALTER TABLE `serialized_units` CHANGE `created_at` `created_at` DATETIME NOT NULL;
Executing (default): ALTER TABLE `serialized_units` CHANGE `updated_at` `updated_at` DATETIME NOT NULL;
Executing (default): SHOW INDEX FROM `serialized_units`
Executing (default): SELECT TABLE_NAME FROM INFORMATION_SCHEMA.TABLES WHERE TABLE_TYPE = 'BASE TABLE' AND TABLE_NAME = 'sales' AND TABLE_SCHEMA = 'movil_care'
Executing (default): SHOW FULL COLUMNS FROM `sales`;
Executing (default): SELECT CONSTRAINT_NAME as constraint_name,CONSTRAINT_NAME as constraintName,CONSTRAINT_SCHEMA as constraintSchema,CONSTRAINT_SCHEMA as constraintCatalog,TABLE_NAME as tableName,TABLE_SCHEMA as tableSchema,TABLE_SCHEMA as tableCatalog,COLUMN_NAME as columnName,REFERENCED_TABLE_SCHEMA as referencedTableSchema,REFERENCED_TABLE_SCHEMA as referencedTableCatalog,REFERENCED_TABLE_NAME as referencedTableName,REFERENCED_COLUMN_NAME as referencedColumnName FROM INFORMATION_SCHEMA.KEY_COLUMN_USAGE where TABLE_NAME = 'sales' AND CONSTRAINT_NAME!='PRIMARY' AND CONSTRAINT_SCHEMA='movil_care' AND REFERENCED_TABLE_NAME IS NOT NULL;
Executing (default): ALTER TABLE `sales` CHANGE `number` `number` VARCHAR(20) NOT NULL UNIQUE;
Executing (default): SELECT CONSTRAINT_CATALOG AS constraintCatalog, CONSTRAINT_NAME AS constraintName, CONSTRAINT_SCHEMA AS constraintSchema, CONSTRAINT_TYPE AS constraintType, TABLE_NAME AS tableName, TABLE_SCHEMA AS tableSchema from INFORMATION_SCHEMA.TABLE_CONSTRAINTS WHERE table_name='sales' AND constraint_name = 'sales_ibfk_41' AND TABLE_SCHEMA = 'movil_care';
Executing (default): ALTER TABLE `sales` DROP FOREIGN KEY `sales_ibfk_41`;
Executing (default): ALTER TABLE `sales` ADD FOREIGN KEY (`customer_id`) REFERENCES `customers` (`id`) ON DELETE RESTRICT ON UPDATE CASCADE;
Executing (default): SELECT CONSTRAINT_CATALOG AS constraintCatalog, CONSTRAINT_NAME AS constraintName, CONSTRAINT_SCHEMA AS constraintSchema, CONSTRAINT_TYPE AS constraintType, TABLE_NAME AS tableName, TABLE_SCHEMA AS tableSchema from INFORMATION_SCHEMA.TABLE_CONSTRAINTS WHERE table_name='sales' AND constraint_name = 'sales_ibfk_42' AND TABLE_SCHEMA = 'movil_care';
Executing (default): ALTER TABLE `sales` DROP FOREIGN KEY `sales_ibfk_42`;
Executing (default): ALTER TABLE `sales` ADD FOREIGN KEY (`seller_id`) REFERENCES `employees` (`id`) ON DELETE RESTRICT ON UPDATE CASCADE;
Executing (default): ALTER TABLE `sales` CHANGE `sold_at` `sold_at` DATETIME NOT NULL;
Executing (default): ALTER TABLE `sales` CHANGE `subtotal` `subtotal` DECIMAL(12,2) NOT NULL DEFAULT 0;
Executing (default): ALTER TABLE `sales` CHANGE `taxes` `taxes` DECIMAL(12,2) NOT NULL DEFAULT 0;
Executing (default): ALTER TABLE `sales` CHANGE `total` `total` DECIMAL(12,2) NOT NULL DEFAULT 0;
Executing (default): ALTER TABLE `sales` CHANGE `discount` `discount` DECIMAL(12,2) NOT NULL DEFAULT 0;
Executing (default): ALTER TABLE `sales` CHANGE `state` `state` ENUM('DRAFT', 'CONFIRMED', 'PAID', 'CANCELLED') NOT NULL DEFAULT 'DRAFT';
Executing (default): ALTER TABLE `sales` CHANGE `created_at` `created_at` DATETIME NOT NULL;
Executing (default): ALTER TABLE `sales` CHANGE `updated_at` `updated_at` DATETIME NOT NULL;
Executing (default): SHOW INDEX FROM `sales`
Executing (default): SELECT TABLE_NAME FROM INFORMATION_SCHEMA.TABLES WHERE TABLE_TYPE = 'BASE TABLE' AND TABLE_NAME = 'sale_details' AND TABLE_SCHEMA = 'movil_care'
Executing (default): SHOW FULL COLUMNS FROM `sale_details`;
Executing (default): SELECT CONSTRAINT_NAME as constraint_name,CONSTRAINT_NAME as constraintName,CONSTRAINT_SCHEMA as constraintSchema,CONSTRAINT_SCHEMA as constraintCatalog,TABLE_NAME as tableName,TABLE_SCHEMA as tableSchema,TABLE_SCHEMA as tableCatalog,COLUMN_NAME as columnName,REFERENCED_TABLE_SCHEMA as referencedTableSchema,REFERENCED_TABLE_SCHEMA as referencedTableCatalog,REFERENCED_TABLE_NAME as referencedTableName,REFERENCED_COLUMN_NAME as referencedColumnName FROM INFORMATION_SCHEMA.KEY_COLUMN_USAGE where TABLE_NAME = 'sale_details' AND CONSTRAINT_NAME!='PRIMARY' AND CONSTRAINT_SCHEMA='movil_care' AND REFERENCED_TABLE_NAME IS NOT NULL;
Executing (default): SELECT CONSTRAINT_CATALOG AS constraintCatalog, CONSTRAINT_NAME AS constraintName, CONSTRAINT_SCHEMA AS constraintSchema, CONSTRAINT_TYPE AS constraintType, TABLE_NAME AS tableName, TABLE_SCHEMA AS tableSchema from INFORMATION_SCHEMA.TABLE_CONSTRAINTS WHERE table_name='sale_details' AND constraint_name = 'sale_details_ibfk_61' AND TABLE_SCHEMA = 'movil_care';
Executing (default): ALTER TABLE `sale_details` DROP FOREIGN KEY `sale_details_ibfk_61`;
Executing (default): ALTER TABLE `sale_details` ADD FOREIGN KEY (`sale_id`) REFERENCES `sales` (`id`) ON DELETE RESTRICT ON UPDATE CASCADE;
Executing (default): SELECT CONSTRAINT_CATALOG AS constraintCatalog, CONSTRAINT_NAME AS constraintName, CONSTRAINT_SCHEMA AS constraintSchema, CONSTRAINT_TYPE AS constraintType, TABLE_NAME AS tableName, TABLE_SCHEMA AS tableSchema from INFORMATION_SCHEMA.TABLE_CONSTRAINTS WHERE table_name='sale_details' AND constraint_name = 'sale_details_ibfk_62' AND TABLE_SCHEMA = 'movil_care';
Executing (default): ALTER TABLE `sale_details` DROP FOREIGN KEY `sale_details_ibfk_62`;
Executing (default): ALTER TABLE `sale_details` ADD FOREIGN KEY (`product_id`) REFERENCES `products` (`id`) ON DELETE RESTRICT ON UPDATE CASCADE;
Executing (default): SELECT CONSTRAINT_CATALOG AS constraintCatalog, CONSTRAINT_NAME AS constraintName, CONSTRAINT_SCHEMA AS constraintSchema, CONSTRAINT_TYPE AS constraintType, TABLE_NAME AS tableName, TABLE_SCHEMA AS tableSchema from INFORMATION_SCHEMA.TABLE_CONSTRAINTS WHERE table_name='sale_details' AND constraint_name = 'sale_details_ibfk_63' AND TABLE_SCHEMA = 'movil_care';
Executing (default): ALTER TABLE `sale_details` DROP FOREIGN KEY `sale_details_ibfk_63`;
Executing (default): ALTER TABLE `sale_details` ADD FOREIGN KEY (`serialized_unit_id`) REFERENCES `serialized_units` (`id`) ON DELETE RESTRICT ON UPDATE CASCADE;
Executing (default): ALTER TABLE `sale_details` CHANGE `quantity` `quantity` INTEGER NOT NULL;
Executing (default): ALTER TABLE `sale_details` CHANGE `unit_price` `unit_price` DECIMAL(12,2) NOT NULL;
Executing (default): ALTER TABLE `sale_details` CHANGE `discount` `discount` DECIMAL(12,2) NOT NULL DEFAULT 0;
Executing (default): ALTER TABLE `sale_details` CHANGE `tax_percentage` `tax_percentage` DECIMAL(5,2) DEFAULT 0;
Executing (default): ALTER TABLE `sale_details` CHANGE `total` `total` DECIMAL(12,2) NOT NULL;
Executing (default): ALTER TABLE `sale_details` CHANGE `notes` `notes` VARCHAR(255);
Executing (default): ALTER TABLE `sale_details` CHANGE `created_at` `created_at` DATETIME NOT NULL;
Executing (default): ALTER TABLE `sale_details` CHANGE `updated_at` `updated_at` DATETIME NOT NULL;
Executing (default): SHOW INDEX FROM `sale_details`
Executing (default): SELECT TABLE_NAME FROM INFORMATION_SCHEMA.TABLES WHERE TABLE_TYPE = 'BASE TABLE' AND TABLE_NAME = 'warranties' AND TABLE_SCHEMA = 'movil_care'
Executing (default): SHOW FULL COLUMNS FROM `warranties`;
Executing (default): SELECT CONSTRAINT_NAME as constraint_name,CONSTRAINT_NAME as constraintName,CONSTRAINT_SCHEMA as constraintSchema,CONSTRAINT_SCHEMA as constraintCatalog,TABLE_NAME as tableName,TABLE_SCHEMA as tableSchema,TABLE_SCHEMA as tableCatalog,COLUMN_NAME as columnName,REFERENCED_TABLE_SCHEMA as referencedTableSchema,REFERENCED_TABLE_SCHEMA as referencedTableCatalog,REFERENCED_TABLE_NAME as referencedTableName,REFERENCED_COLUMN_NAME as referencedColumnName FROM INFORMATION_SCHEMA.KEY_COLUMN_USAGE where TABLE_NAME = 'warranties' AND CONSTRAINT_NAME!='PRIMARY' AND CONSTRAINT_SCHEMA='movil_care' AND REFERENCED_TABLE_NAME IS NOT NULL;
Executing (default): SELECT CONSTRAINT_CATALOG AS constraintCatalog, CONSTRAINT_NAME AS constraintName, CONSTRAINT_SCHEMA AS constraintSchema, CONSTRAINT_TYPE AS constraintType, TABLE_NAME AS tableName, TABLE_SCHEMA AS tableSchema from INFORMATION_SCHEMA.TABLE_CONSTRAINTS WHERE table_name='warranties' AND constraint_name = 'warranties_ibfk_29' AND TABLE_SCHEMA = 'movil_care';
Executing (default): ALTER TABLE `warranties` DROP FOREIGN KEY `warranties_ibfk_29`;
Executing (default): ALTER TABLE `warranties` ADD FOREIGN KEY (`sale_detail_id`) REFERENCES `sale_details` (`id`) ON DELETE RESTRICT ON UPDATE CASCADE;
Executing (default): SELECT CONSTRAINT_CATALOG AS constraintCatalog, CONSTRAINT_NAME AS constraintName, CONSTRAINT_SCHEMA AS constraintSchema, CONSTRAINT_TYPE AS constraintType, TABLE_NAME AS tableName, TABLE_SCHEMA AS tableSchema from INFORMATION_SCHEMA.TABLE_CONSTRAINTS WHERE table_name='warranties' AND constraint_name = 'warranties_ibfk_30' AND TABLE_SCHEMA = 'movil_care';
Executing (default): ALTER TABLE `warranties` DROP FOREIGN KEY `warranties_ibfk_30`;
Executing (default): ALTER TABLE `warranties` ADD FOREIGN KEY (`serialized_unit_id`) REFERENCES `serialized_units` (`id`) ON DELETE RESTRICT ON UPDATE CASCADE;
Executing (default): ALTER TABLE `warranties` CHANGE `type` `type` ENUM('COMMERCIAL', 'EXTENDED', 'SUPPLIER') NOT NULL;
Executing (default): ALTER TABLE `warranties` CHANGE `coverage_description` `coverage_description` TEXT;
Executing (default): ALTER TABLE `warranties` CHANGE `start_date` `start_date` DATETIME NOT NULL;
Executing (default): ALTER TABLE `warranties` CHANGE `end_date` `end_date` DATETIME NOT NULL;
Executing (default): ALTER TABLE `warranties` CHANGE `state` `state` ENUM('VALID', 'EXPIRED', 'CANCELLED', 'CONSUMED') NOT NULL DEFAULT 'VALID';
Executing (default): ALTER TABLE `warranties` CHANGE `is_active` `is_active` TINYINT(1) NOT NULL DEFAULT true;
Executing (default): ALTER TABLE `warranties` CHANGE `created_at` `created_at` DATETIME NOT NULL;
Executing (default): ALTER TABLE `warranties` CHANGE `updated_at` `updated_at` DATETIME NOT NULL;
Executing (default): SHOW INDEX FROM `warranties`
Executing (default): SELECT TABLE_NAME FROM INFORMATION_SCHEMA.TABLES WHERE TABLE_TYPE = 'BASE TABLE' AND TABLE_NAME = 'service_orders' AND TABLE_SCHEMA = 'movil_care'
Executing (default): SHOW FULL COLUMNS FROM `service_orders`;
Executing (default): SELECT CONSTRAINT_NAME as constraint_name,CONSTRAINT_NAME as constraintName,CONSTRAINT_SCHEMA as constraintSchema,CONSTRAINT_SCHEMA as constraintCatalog,TABLE_NAME as tableName,TABLE_SCHEMA as tableSchema,TABLE_SCHEMA as tableCatalog,COLUMN_NAME as columnName,REFERENCED_TABLE_SCHEMA as referencedTableSchema,REFERENCED_TABLE_SCHEMA as referencedTableCatalog,REFERENCED_TABLE_NAME as referencedTableName,REFERENCED_COLUMN_NAME as referencedColumnName FROM INFORMATION_SCHEMA.KEY_COLUMN_USAGE where TABLE_NAME = 'service_orders' AND CONSTRAINT_NAME!='PRIMARY' AND CONSTRAINT_SCHEMA='movil_care' AND REFERENCED_TABLE_NAME IS NOT NULL;
Executing (default): ALTER TABLE `service_orders` CHANGE `number` `number` VARCHAR(20) NOT NULL UNIQUE;
Executing (default): SELECT CONSTRAINT_CATALOG AS constraintCatalog, CONSTRAINT_NAME AS constraintName, CONSTRAINT_SCHEMA AS constraintSchema, CONSTRAINT_TYPE AS constraintType, TABLE_NAME AS tableName, TABLE_SCHEMA AS tableSchema from INFORMATION_SCHEMA.TABLE_CONSTRAINTS WHERE table_name='service_orders' AND constraint_name = 'service_orders_ibfk_51' AND TABLE_SCHEMA = 'movil_care';
Executing (default): ALTER TABLE `service_orders` DROP FOREIGN KEY `service_orders_ibfk_51`;
Executing (default): ALTER TABLE `service_orders` ADD FOREIGN KEY (`customer_id`) REFERENCES `customers` (`id`) ON DELETE RESTRICT ON UPDATE CASCADE;
Executing (default): SELECT CONSTRAINT_CATALOG AS constraintCatalog, CONSTRAINT_NAME AS constraintName, CONSTRAINT_SCHEMA AS constraintSchema, CONSTRAINT_TYPE AS constraintType, TABLE_NAME AS tableName, TABLE_SCHEMA AS tableSchema from INFORMATION_SCHEMA.TABLE_CONSTRAINTS WHERE table_name='service_orders' AND constraint_name = 'service_orders_ibfk_52' AND TABLE_SCHEMA = 'movil_care';
Executing (default): ALTER TABLE `service_orders` DROP FOREIGN KEY `service_orders_ibfk_52`;
Executing (default): ALTER TABLE `service_orders` ADD FOREIGN KEY (`serialized_unit_id`) REFERENCES `serialized_units` (`id`) ON DELETE RESTRICT ON UPDATE CASCADE;
Executing (default): SELECT CONSTRAINT_CATALOG AS constraintCatalog, CONSTRAINT_NAME AS constraintName, CONSTRAINT_SCHEMA AS constraintSchema, CONSTRAINT_TYPE AS constraintType, TABLE_NAME AS tableName, TABLE_SCHEMA AS tableSchema from INFORMATION_SCHEMA.TABLE_CONSTRAINTS WHERE table_name='service_orders' AND constraint_name = 'service_orders_ibfk_53' AND TABLE_SCHEMA = 'movil_care';
Executing (default): ALTER TABLE `service_orders` DROP FOREIGN KEY `service_orders_ibfk_53`;
Executing (default): ALTER TABLE `service_orders` ADD FOREIGN KEY (`technician_id`) REFERENCES `employees` (`id`) ON DELETE RESTRICT ON UPDATE CASCADE;
Executing (default): ALTER TABLE `service_orders` CHANGE `service_type` `service_type` ENUM('COMMERCIAL_WARRANTY', 'PAID_REPAIR', 'RECURRENCE') NOT NULL;
Executing (default): SELECT CONSTRAINT_CATALOG AS constraintCatalog, CONSTRAINT_NAME AS constraintName, CONSTRAINT_SCHEMA AS constraintSchema, CONSTRAINT_TYPE AS constraintType, TABLE_NAME AS tableName, TABLE_SCHEMA AS tableSchema from INFORMATION_SCHEMA.TABLE_CONSTRAINTS WHERE table_name='service_orders' AND constraint_name = 'service_orders_ibfk_54' AND TABLE_SCHEMA = 'movil_care';
Executing (default): ALTER TABLE `service_orders` DROP FOREIGN KEY `service_orders_ibfk_54`;
Executing (default): ALTER TABLE `service_orders` ADD FOREIGN KEY (`warranty_id`) REFERENCES `warranties` (`id`) ON DELETE RESTRICT ON UPDATE CASCADE;
Executing (default): SELECT CONSTRAINT_CATALOG AS constraintCatalog, CONSTRAINT_NAME AS constraintName, CONSTRAINT_SCHEMA AS constraintSchema, CONSTRAINT_TYPE AS constraintType, TABLE_NAME AS tableName, TABLE_SCHEMA AS tableSchema from INFORMATION_SCHEMA.TABLE_CONSTRAINTS WHERE table_name='service_orders' AND constraint_name = 'service_orders_ibfk_55' AND TABLE_SCHEMA = 'movil_care';
Executing (default): ALTER TABLE `service_orders` DROP FOREIGN KEY `service_orders_ibfk_55`;
Executing (default): ALTER TABLE `service_orders` ADD FOREIGN KEY (`origin_order_id`) REFERENCES `service_orders` (`id`) ON DELETE RESTRICT ON UPDATE CASCADE;
Executing (default): ALTER TABLE `service_orders` CHANGE `reported_issue` `reported_issue` TEXT NOT NULL;
Executing (default): ALTER TABLE `service_orders` CHANGE `intake_condition` `intake_condition` TEXT;
Executing (default): ALTER TABLE `service_orders` CHANGE `received_accessories` `received_accessories` VARCHAR(255);
Executing (default): ALTER TABLE `service_orders` CHANGE `opened_at` `opened_at` DATETIME NOT NULL;
Executing (default): ALTER TABLE `service_orders` CHANGE `estimated_delivery_date` `estimated_delivery_date` DATETIME;
Executing (default): ALTER TABLE `service_orders` CHANGE `closed_at` `closed_at` DATETIME;
Executing (default): ALTER TABLE `service_orders` CHANGE `total` `total` DECIMAL(12,2) NOT NULL DEFAULT 0;
Executing (default): ALTER TABLE `service_orders` CHANGE `state` `state` ENUM('RECEIVED', 'DIAGNOSING', 'AWAITING_AUTHORIZATION', 'IN_REPAIR', 'READY', 'DELIVERED', 'REJECTED', 'CANCELLED') NOT NULL DEFAULT 'RECEIVED';
Executing (default): ALTER TABLE `service_orders` CHANGE `created_at` `created_at` DATETIME NOT NULL;
Executing (default): ALTER TABLE `service_orders` CHANGE `updated_at` `updated_at` DATETIME NOT NULL;
Executing (default): SHOW INDEX FROM `service_orders`
Executing (default): SELECT TABLE_NAME FROM INFORMATION_SCHEMA.TABLES WHERE TABLE_TYPE = 'BASE TABLE' AND TABLE_NAME = 'diagnostics' AND TABLE_SCHEMA = 'movil_care'
Executing (default): SHOW FULL COLUMNS FROM `diagnostics`;
Executing (default): SELECT CONSTRAINT_NAME as constraint_name,CONSTRAINT_NAME as constraintName,CONSTRAINT_SCHEMA as constraintSchema,CONSTRAINT_SCHEMA as constraintCatalog,TABLE_NAME as tableName,TABLE_SCHEMA as tableSchema,TABLE_SCHEMA as tableCatalog,COLUMN_NAME as columnName,REFERENCED_TABLE_SCHEMA as referencedTableSchema,REFERENCED_TABLE_SCHEMA as referencedTableCatalog,REFERENCED_TABLE_NAME as referencedTableName,REFERENCED_COLUMN_NAME as referencedColumnName FROM INFORMATION_SCHEMA.KEY_COLUMN_USAGE where TABLE_NAME = 'diagnostics' AND CONSTRAINT_NAME!='PRIMARY' AND CONSTRAINT_SCHEMA='movil_care' AND REFERENCED_TABLE_NAME IS NOT NULL;
Executing (default): SELECT CONSTRAINT_CATALOG AS constraintCatalog, CONSTRAINT_NAME AS constraintName, CONSTRAINT_SCHEMA AS constraintSchema, CONSTRAINT_TYPE AS constraintType, TABLE_NAME AS tableName, TABLE_SCHEMA AS tableSchema from INFORMATION_SCHEMA.TABLE_CONSTRAINTS WHERE table_name='diagnostics' AND constraint_name = 'diagnostics_ibfk_21' AND TABLE_SCHEMA = 'movil_care';
Executing (default): ALTER TABLE `diagnostics` DROP FOREIGN KEY `diagnostics_ibfk_21`;
Executing (default): ALTER TABLE `diagnostics` ADD FOREIGN KEY (`service_order_id`) REFERENCES `service_orders` (`id`) ON DELETE RESTRICT ON UPDATE CASCADE;
Executing (default): SELECT CONSTRAINT_CATALOG AS constraintCatalog, CONSTRAINT_NAME AS constraintName, CONSTRAINT_SCHEMA AS constraintSchema, CONSTRAINT_TYPE AS constraintType, TABLE_NAME AS tableName, TABLE_SCHEMA AS tableSchema from INFORMATION_SCHEMA.TABLE_CONSTRAINTS WHERE table_name='diagnostics' AND constraint_name = 'diagnostics_ibfk_22' AND TABLE_SCHEMA = 'movil_care';
Executing (default): ALTER TABLE `diagnostics` DROP FOREIGN KEY `diagnostics_ibfk_22`;
Executing (default): ALTER TABLE `diagnostics` ADD FOREIGN KEY (`technician_id`) REFERENCES `employees` (`id`) ON DELETE RESTRICT ON UPDATE CASCADE;
Executing (default): ALTER TABLE `diagnostics` CHANGE `description` `description` TEXT NOT NULL;
Executing (default): ALTER TABLE `diagnostics` CHANGE `cause` `cause` ENUM('FACTORY_DEFECT', 'WEAR', 'MISUSE', 'MOISTURE', 'IMPACT', 'OTHER') NOT NULL;
Executing (default): ALTER TABLE `diagnostics` CHANGE `warranty_covered` `warranty_covered` TINYINT(1);
Executing (default): ALTER TABLE `diagnostics` CHANGE `labor_cost` `labor_cost` DECIMAL(12,2) NOT NULL DEFAULT 0;
Executing (default): ALTER TABLE `diagnostics` CHANGE `estimated_total` `estimated_total` DECIMAL(12,2) NOT NULL DEFAULT 0;
Executing (default): ALTER TABLE `diagnostics` CHANGE `diagnosed_at` `diagnosed_at` DATETIME NOT NULL;
Executing (default): ALTER TABLE `diagnostics` CHANGE `created_at` `created_at` DATETIME NOT NULL;
Executing (default): ALTER TABLE `diagnostics` CHANGE `updated_at` `updated_at` DATETIME NOT NULL;
Executing (default): SHOW INDEX FROM `diagnostics`
Executing (default): SELECT TABLE_NAME FROM INFORMATION_SCHEMA.TABLES WHERE TABLE_TYPE = 'BASE TABLE' AND TABLE_NAME = 'service_authorizations' AND TABLE_SCHEMA = 'movil_care'
Executing (default): SHOW FULL COLUMNS FROM `service_authorizations`;
Executing (default): SELECT CONSTRAINT_NAME as constraint_name,CONSTRAINT_NAME as constraintName,CONSTRAINT_SCHEMA as constraintSchema,CONSTRAINT_SCHEMA as constraintCatalog,TABLE_NAME as tableName,TABLE_SCHEMA as tableSchema,TABLE_SCHEMA as tableCatalog,COLUMN_NAME as columnName,REFERENCED_TABLE_SCHEMA as referencedTableSchema,REFERENCED_TABLE_SCHEMA as referencedTableCatalog,REFERENCED_TABLE_NAME as referencedTableName,REFERENCED_COLUMN_NAME as referencedColumnName FROM INFORMATION_SCHEMA.KEY_COLUMN_USAGE where TABLE_NAME = 'service_authorizations' AND CONSTRAINT_NAME!='PRIMARY' AND CONSTRAINT_SCHEMA='movil_care' AND REFERENCED_TABLE_NAME IS NOT NULL;
Executing (default): SELECT CONSTRAINT_CATALOG AS constraintCatalog, CONSTRAINT_NAME AS constraintName, CONSTRAINT_SCHEMA AS constraintSchema, CONSTRAINT_TYPE AS constraintType, TABLE_NAME AS tableName, TABLE_SCHEMA AS tableSchema from INFORMATION_SCHEMA.TABLE_CONSTRAINTS WHERE table_name='service_authorizations' AND constraint_name = 'service_authorizations_ibfk_21' AND TABLE_SCHEMA = 'movil_care';
Executing (default): ALTER TABLE `service_authorizations` DROP FOREIGN KEY `service_authorizations_ibfk_21`;
Executing (default): ALTER TABLE `service_authorizations` ADD FOREIGN KEY (`diagnostic_id`) REFERENCES `diagnostics` (`id`) ON DELETE RESTRICT ON UPDATE CASCADE;
Executing (default): ALTER TABLE `service_authorizations` CHANGE `state` `state` ENUM('PENDING', 'APPROVED', 'REJECTED') NOT NULL;
Executing (default): ALTER TABLE `service_authorizations` CHANGE `authorized_amount` `authorized_amount` DECIMAL(12,2) NOT NULL;
Executing (default): ALTER TABLE `service_authorizations` CHANGE `channel` `channel` ENUM('IN_PERSON', 'PHONE', 'WHATSAPP', 'EMAIL', 'DIGITAL_SIGNATURE') NOT NULL;
Executing (default): ALTER TABLE `service_authorizations` CHANGE `responded_at` `responded_at` DATETIME;
Executing (default): ALTER TABLE `service_authorizations` CHANGE `notes` `notes` VARCHAR(255);
Executing (default): SELECT CONSTRAINT_CATALOG AS constraintCatalog, CONSTRAINT_NAME AS constraintName, CONSTRAINT_SCHEMA AS constraintSchema, CONSTRAINT_TYPE AS constraintType, TABLE_NAME AS tableName, TABLE_SCHEMA AS tableSchema from INFORMATION_SCHEMA.TABLE_CONSTRAINTS WHERE table_name='service_authorizations' AND constraint_name = 'service_authorizations_ibfk_22' AND TABLE_SCHEMA = 'movil_care';
Executing (default): ALTER TABLE `service_authorizations` DROP FOREIGN KEY `service_authorizations_ibfk_22`;
Executing (default): ALTER TABLE `service_authorizations` ADD FOREIGN KEY (`recorded_by`) REFERENCES `employees` (`id`) ON DELETE RESTRICT ON UPDATE CASCADE;
Executing (default): ALTER TABLE `service_authorizations` CHANGE `created_at` `created_at` DATETIME NOT NULL;
Executing (default): ALTER TABLE `service_authorizations` CHANGE `updated_at` `updated_at` DATETIME NOT NULL;
Executing (default): SHOW INDEX FROM `service_authorizations`
🚀 Servidor ejecutándose en puerto 4000
[32m[nodemon] restarting due to changes...[39m
[32m[nodemon] starting `ts-node src/server.ts`[39m
[32m[nodemon] restarting due to changes...[39m
[32m[nodemon] starting `ts-node src/server.ts`[39m
◇ injected env (8) from .env // tip: ⌁ auth for agents [www.vestauth.com]
◇ injected env (0) from .env // tip: ⌘ multiple files { path: ['.env.local', '.env'] }
📘 Swagger UI: /api/docs | OpenAPI JSON: /api/docs.json
Executing (default): SELECT 1+1 AS result
MySQL connection established
Executing (default): SELECT TABLE_NAME FROM INFORMATION_SCHEMA.TABLES WHERE TABLE_TYPE = 'BASE TABLE' AND TABLE_NAME = 'products' AND TABLE_SCHEMA = 'movil_care'
Executing (default): SHOW INDEX FROM `products`
Executing (default): SELECT TABLE_NAME FROM INFORMATION_SCHEMA.TABLES WHERE TABLE_TYPE = 'BASE TABLE' AND TABLE_NAME = 'product_types' AND TABLE_SCHEMA = 'movil_care'
Executing (default): SHOW INDEX FROM `product_types`
Executing (default): SELECT TABLE_NAME FROM INFORMATION_SCHEMA.TABLES WHERE TABLE_TYPE = 'BASE TABLE' AND TABLE_NAME = 'customers' AND TABLE_SCHEMA = 'movil_care'
Executing (default): SHOW INDEX FROM `customers`
Executing (default): SELECT TABLE_NAME FROM INFORMATION_SCHEMA.TABLES WHERE TABLE_TYPE = 'BASE TABLE' AND TABLE_NAME = 'employees' AND TABLE_SCHEMA = 'movil_care'
Executing (default): SHOW INDEX FROM `employees`
Executing (default): SELECT TABLE_NAME FROM INFORMATION_SCHEMA.TABLES WHERE TABLE_TYPE = 'BASE TABLE' AND TABLE_NAME = 'spare_parts' AND TABLE_SCHEMA = 'movil_care'
Executing (default): SHOW INDEX FROM `spare_parts`
Executing (default): SELECT TABLE_NAME FROM INFORMATION_SCHEMA.TABLES WHERE TABLE_TYPE = 'BASE TABLE' AND TABLE_NAME = 'serialized_units' AND TABLE_SCHEMA = 'movil_care'
Executing (default): SHOW INDEX FROM `serialized_units`
Executing (default): SELECT TABLE_NAME FROM INFORMATION_SCHEMA.TABLES WHERE TABLE_TYPE = 'BASE TABLE' AND TABLE_NAME = 'sales' AND TABLE_SCHEMA = 'movil_care'
Executing (default): SHOW INDEX FROM `sales`
Executing (default): SELECT TABLE_NAME FROM INFORMATION_SCHEMA.TABLES WHERE TABLE_TYPE = 'BASE TABLE' AND TABLE_NAME = 'sale_details' AND TABLE_SCHEMA = 'movil_care'
Executing (default): SHOW INDEX FROM `sale_details`
Executing (default): SELECT TABLE_NAME FROM INFORMATION_SCHEMA.TABLES WHERE TABLE_TYPE = 'BASE TABLE' AND TABLE_NAME = 'warranties' AND TABLE_SCHEMA = 'movil_care'
Executing (default): SHOW INDEX FROM `warranties`
Executing (default): SELECT TABLE_NAME FROM INFORMATION_SCHEMA.TABLES WHERE TABLE_TYPE = 'BASE TABLE' AND TABLE_NAME = 'service_orders' AND TABLE_SCHEMA = 'movil_care'
Executing (default): SHOW INDEX FROM `service_orders`
Executing (default): SELECT TABLE_NAME FROM INFORMATION_SCHEMA.TABLES WHERE TABLE_TYPE = 'BASE TABLE' AND TABLE_NAME = 'diagnostics' AND TABLE_SCHEMA = 'movil_care'
Executing (default): SHOW INDEX FROM `diagnostics`
Executing (default): SELECT TABLE_NAME FROM INFORMATION_SCHEMA.TABLES WHERE TABLE_TYPE = 'BASE TABLE' AND TABLE_NAME = 'service_authorizations' AND TABLE_SCHEMA = 'movil_care'
Executing (default): SHOW INDEX FROM `service_authorizations`
🚀 Servidor ejecutándose en puerto 4000
[32m[nodemon] clean exit - waiting for changes before restart[39m
[32m[nodemon] restarting due to changes...[39m
[32m[nodemon] starting `ts-node src/server.ts`[39m
◇ injected env (8) from .env // tip: ◈ encrypted .env [www.dotenvx.com]
◇ injected env (0) from .env // tip: ⌘ enable debugging { debug: true }
📘 Swagger UI: /api/docs | OpenAPI JSON: /api/docs.json
Executing (default): SELECT 1+1 AS result
MySQL connection established
Executing (default): SELECT TABLE_NAME FROM INFORMATION_SCHEMA.TABLES WHERE TABLE_TYPE = 'BASE TABLE' AND TABLE_NAME = 'product_types' AND TABLE_SCHEMA = 'movil_care'
Executing (default): SHOW INDEX FROM `product_types`
Executing (default): SELECT TABLE_NAME FROM INFORMATION_SCHEMA.TABLES WHERE TABLE_TYPE = 'BASE TABLE' AND TABLE_NAME = 'products' AND TABLE_SCHEMA = 'movil_care'
Executing (default): SHOW INDEX FROM `products`
Executing (default): SELECT TABLE_NAME FROM INFORMATION_SCHEMA.TABLES WHERE TABLE_TYPE = 'BASE TABLE' AND TABLE_NAME = 'customers' AND TABLE_SCHEMA = 'movil_care'
Executing (default): SHOW INDEX FROM `customers`
Executing (default): SELECT TABLE_NAME FROM INFORMATION_SCHEMA.TABLES WHERE TABLE_TYPE = 'BASE TABLE' AND TABLE_NAME = 'employees' AND TABLE_SCHEMA = 'movil_care'
Executing (default): SHOW INDEX FROM `employees`
Executing (default): SELECT TABLE_NAME FROM INFORMATION_SCHEMA.TABLES WHERE TABLE_TYPE = 'BASE TABLE' AND TABLE_NAME = 'spare_parts' AND TABLE_SCHEMA = 'movil_care'
Executing (default): SHOW INDEX FROM `spare_parts`
Executing (default): SELECT TABLE_NAME FROM INFORMATION_SCHEMA.TABLES WHERE TABLE_TYPE = 'BASE TABLE' AND TABLE_NAME = 'serialized_units' AND TABLE_SCHEMA = 'movil_care'
Executing (default): SHOW INDEX FROM `serialized_units`
Executing (default): SELECT TABLE_NAME FROM INFORMATION_SCHEMA.TABLES WHERE TABLE_TYPE = 'BASE TABLE' AND TABLE_NAME = 'sales' AND TABLE_SCHEMA = 'movil_care'
Executing (default): SHOW INDEX FROM `sales`
Executing (default): SELECT TABLE_NAME FROM INFORMATION_SCHEMA.TABLES WHERE TABLE_TYPE = 'BASE TABLE' AND TABLE_NAME = 'sale_details' AND TABLE_SCHEMA = 'movil_care'
Executing (default): SHOW INDEX FROM `sale_details`
Executing (default): SELECT TABLE_NAME FROM INFORMATION_SCHEMA.TABLES WHERE TABLE_TYPE = 'BASE TABLE' AND TABLE_NAME = 'warranties' AND TABLE_SCHEMA = 'movil_care'
Executing (default): SHOW INDEX FROM `warranties`
Executing (default): SELECT TABLE_NAME FROM INFORMATION_SCHEMA.TABLES WHERE TABLE_TYPE = 'BASE TABLE' AND TABLE_NAME = 'service_orders' AND TABLE_SCHEMA = 'movil_care'
Executing (default): SHOW INDEX FROM `service_orders`
Executing (default): SELECT TABLE_NAME FROM INFORMATION_SCHEMA.TABLES WHERE TABLE_TYPE = 'BASE TABLE' AND TABLE_NAME = 'diagnostics' AND TABLE_SCHEMA = 'movil_care'
Executing (default): SHOW INDEX FROM `diagnostics`
Executing (default): SELECT TABLE_NAME FROM INFORMATION_SCHEMA.TABLES WHERE TABLE_TYPE = 'BASE TABLE' AND TABLE_NAME = 'service_authorizations' AND TABLE_SCHEMA = 'movil_care'
Executing (default): SHOW INDEX FROM `service_authorizations`
🚀 Servidor ejecutándose en puerto 4000
[32m[nodemon] clean exit - waiting for changes before restart[39m
[32m[nodemon] restarting due to changes...[39m
[32m[nodemon] starting `ts-node src/server.ts`[39m
◇ injected env (8) from .env // tip: ⌘ multiple files { path: ['.env.local', '.env'] }
[32m[nodemon] restarting due to changes...[39m
[32m[nodemon] starting `ts-node src/server.ts`[39m
◇ injected env (8) from .env // tip: ⌘ custom filepath { path: '/custom/path/.env' }
◇ injected env (0) from .env // tip: ◈ secrets for agents [www.dotenvx.com]
📘 Swagger UI: /api/docs | OpenAPI JSON: /api/docs.json
Executing (default): SELECT 1+1 AS result
MySQL connection established
Executing (default): SELECT TABLE_NAME FROM INFORMATION_SCHEMA.TABLES WHERE TABLE_TYPE = 'BASE TABLE' AND TABLE_NAME = 'product_types' AND TABLE_SCHEMA = 'movil_care'
Executing (default): SHOW INDEX FROM `product_types`
Executing (default): SELECT TABLE_NAME FROM INFORMATION_SCHEMA.TABLES WHERE TABLE_TYPE = 'BASE TABLE' AND TABLE_NAME = 'products' AND TABLE_SCHEMA = 'movil_care'
Executing (default): SHOW INDEX FROM `products`
Executing (default): SELECT TABLE_NAME FROM INFORMATION_SCHEMA.TABLES WHERE TABLE_TYPE = 'BASE TABLE' AND TABLE_NAME = 'customers' AND TABLE_SCHEMA = 'movil_care'
Executing (default): SHOW INDEX FROM `customers`
Executing (default): SELECT TABLE_NAME FROM INFORMATION_SCHEMA.TABLES WHERE TABLE_TYPE = 'BASE TABLE' AND TABLE_NAME = 'employees' AND TABLE_SCHEMA = 'movil_care'
Executing (default): SHOW INDEX FROM `employees`
Executing (default): SELECT TABLE_NAME FROM INFORMATION_SCHEMA.TABLES WHERE TABLE_TYPE = 'BASE TABLE' AND TABLE_NAME = 'spare_parts' AND TABLE_SCHEMA = 'movil_care'
Executing (default): SHOW INDEX FROM `spare_parts`
Executing (default): SELECT TABLE_NAME FROM INFORMATION_SCHEMA.TABLES WHERE TABLE_TYPE = 'BASE TABLE' AND TABLE_NAME = 'serialized_units' AND TABLE_SCHEMA = 'movil_care'
Executing (default): SHOW INDEX FROM `serialized_units`
Executing (default): SELECT TABLE_NAME FROM INFORMATION_SCHEMA.TABLES WHERE TABLE_TYPE = 'BASE TABLE' AND TABLE_NAME = 'sales' AND TABLE_SCHEMA = 'movil_care'
Executing (default): SHOW INDEX FROM `sales`
Executing (default): SELECT TABLE_NAME FROM INFORMATION_SCHEMA.TABLES WHERE TABLE_TYPE = 'BASE TABLE' AND TABLE_NAME = 'sale_details' AND TABLE_SCHEMA = 'movil_care'
Executing (default): SHOW INDEX FROM `sale_details`
Executing (default): SELECT TABLE_NAME FROM INFORMATION_SCHEMA.TABLES WHERE TABLE_TYPE = 'BASE TABLE' AND TABLE_NAME = 'warranties' AND TABLE_SCHEMA = 'movil_care'
Executing (default): SHOW INDEX FROM `warranties`
Executing (default): SELECT TABLE_NAME FROM INFORMATION_SCHEMA.TABLES WHERE TABLE_TYPE = 'BASE TABLE' AND TABLE_NAME = 'service_orders' AND TABLE_SCHEMA = 'movil_care'
Executing (default): SHOW INDEX FROM `service_orders`
Executing (default): SELECT TABLE_NAME FROM INFORMATION_SCHEMA.TABLES WHERE TABLE_TYPE = 'BASE TABLE' AND TABLE_NAME = 'diagnostics' AND TABLE_SCHEMA = 'movil_care'
Executing (default): SHOW INDEX FROM `diagnostics`
Executing (default): SELECT TABLE_NAME FROM INFORMATION_SCHEMA.TABLES WHERE TABLE_TYPE = 'BASE TABLE' AND TABLE_NAME = 'service_authorizations' AND TABLE_SCHEMA = 'movil_care'
Executing (default): SHOW INDEX FROM `service_authorizations`
🚀 Servidor ejecutándose en puerto 4000
[32m[nodemon] restarting due to changes...[39m
[32m[nodemon] starting `ts-node src/server.ts`[39m
◇ injected env (8) from .env // tip: ⌘ suppress logs { quiet: true }
◇ injected env (0) from .env // tip: ⌘ suppress logs { quiet: true }
📘 Swagger UI: /api/docs | OpenAPI JSON: /api/docs.json
Executing (default): SELECT 1+1 AS result
MySQL connection established
Executing (default): SELECT TABLE_NAME FROM INFORMATION_SCHEMA.TABLES WHERE TABLE_TYPE = 'BASE TABLE' AND TABLE_NAME = 'product_types' AND TABLE_SCHEMA = 'movil_care'
Executing (default): SHOW INDEX FROM `product_types`
Executing (default): SELECT TABLE_NAME FROM INFORMATION_SCHEMA.TABLES WHERE TABLE_TYPE = 'BASE TABLE' AND TABLE_NAME = 'products' AND TABLE_SCHEMA = 'movil_care'
Executing (default): SHOW INDEX FROM `products`
Executing (default): SELECT TABLE_NAME FROM INFORMATION_SCHEMA.TABLES WHERE TABLE_TYPE = 'BASE TABLE' AND TABLE_NAME = 'customers' AND TABLE_SCHEMA = 'movil_care'
Executing (default): SHOW INDEX FROM `customers`
Executing (default): SELECT TABLE_NAME FROM INFORMATION_SCHEMA.TABLES WHERE TABLE_TYPE = 'BASE TABLE' AND TABLE_NAME = 'employees' AND TABLE_SCHEMA = 'movil_care'
Executing (default): SHOW INDEX FROM `employees`
Executing (default): SELECT TABLE_NAME FROM INFORMATION_SCHEMA.TABLES WHERE TABLE_TYPE = 'BASE TABLE' AND TABLE_NAME = 'spare_parts' AND TABLE_SCHEMA = 'movil_care'
Executing (default): SHOW INDEX FROM `spare_parts`
Executing (default): SELECT TABLE_NAME FROM INFORMATION_SCHEMA.TABLES WHERE TABLE_TYPE = 'BASE TABLE' AND TABLE_NAME = 'serialized_units' AND TABLE_SCHEMA = 'movil_care'
Executing (default): SHOW INDEX FROM `serialized_units`
Executing (default): SELECT TABLE_NAME FROM INFORMATION_SCHEMA.TABLES WHERE TABLE_TYPE = 'BASE TABLE' AND TABLE_NAME = 'sales' AND TABLE_SCHEMA = 'movil_care'
Executing (default): SHOW INDEX FROM `sales`
Executing (default): SELECT TABLE_NAME FROM INFORMATION_SCHEMA.TABLES WHERE TABLE_TYPE = 'BASE TABLE' AND TABLE_NAME = 'sale_details' AND TABLE_SCHEMA = 'movil_care'
Executing (default): SHOW INDEX FROM `sale_details`
Executing (default): SELECT TABLE_NAME FROM INFORMATION_SCHEMA.TABLES WHERE TABLE_TYPE = 'BASE TABLE' AND TABLE_NAME = 'warranties' AND TABLE_SCHEMA = 'movil_care'
Executing (default): SHOW INDEX FROM `warranties`
Executing (default): SELECT TABLE_NAME FROM INFORMATION_SCHEMA.TABLES WHERE TABLE_TYPE = 'BASE TABLE' AND TABLE_NAME = 'service_orders' AND TABLE_SCHEMA = 'movil_care'
Executing (default): SHOW INDEX FROM `service_orders`
Executing (default): SELECT TABLE_NAME FROM INFORMATION_SCHEMA.TABLES WHERE TABLE_TYPE = 'BASE TABLE' AND TABLE_NAME = 'diagnostics' AND TABLE_SCHEMA = 'movil_care'
Executing (default): SHOW INDEX FROM `diagnostics`
Executing (default): SELECT TABLE_NAME FROM INFORMATION_SCHEMA.TABLES WHERE TABLE_TYPE = 'BASE TABLE' AND TABLE_NAME = 'service_authorizations' AND TABLE_SCHEMA = 'movil_care'
Executing (default): SHOW INDEX FROM `service_authorizations`
🚀 Servidor ejecutándose en puerto 4000
[32m[nodemon] restarting due to changes...[39m
[32m[nodemon] starting `ts-node src/server.ts`[39m
◇ injected env (8) from .env // tip: ⌘ suppress logs { quiet: true }
◇ injected env (0) from .env // tip: ◈ encrypted .env [www.dotenvx.com]
📘 Swagger UI: /api/docs | OpenAPI JSON: /api/docs.json
Executing (default): SELECT 1+1 AS result
MySQL connection established
Executing (default): SELECT TABLE_NAME FROM INFORMATION_SCHEMA.TABLES WHERE TABLE_TYPE = 'BASE TABLE' AND TABLE_NAME = 'product_types' AND TABLE_SCHEMA = 'movil_care'
Executing (default): SHOW INDEX FROM `product_types`
Executing (default): SELECT TABLE_NAME FROM INFORMATION_SCHEMA.TABLES WHERE TABLE_TYPE = 'BASE TABLE' AND TABLE_NAME = 'products' AND TABLE_SCHEMA = 'movil_care'
Executing (default): SHOW INDEX FROM `products`
Executing (default): SELECT TABLE_NAME FROM INFORMATION_SCHEMA.TABLES WHERE TABLE_TYPE = 'BASE TABLE' AND TABLE_NAME = 'customers' AND TABLE_SCHEMA = 'movil_care'
Executing (default): SHOW INDEX FROM `customers`
Executing (default): SELECT TABLE_NAME FROM INFORMATION_SCHEMA.TABLES WHERE TABLE_TYPE = 'BASE TABLE' AND TABLE_NAME = 'employees' AND TABLE_SCHEMA = 'movil_care'
Executing (default): SHOW INDEX FROM `employees`
Executing (default): SELECT TABLE_NAME FROM INFORMATION_SCHEMA.TABLES WHERE TABLE_TYPE = 'BASE TABLE' AND TABLE_NAME = 'spare_parts' AND TABLE_SCHEMA = 'movil_care'
Executing (default): SHOW INDEX FROM `spare_parts`
Executing (default): SELECT TABLE_NAME FROM INFORMATION_SCHEMA.TABLES WHERE TABLE_TYPE = 'BASE TABLE' AND TABLE_NAME = 'serialized_units' AND TABLE_SCHEMA = 'movil_care'
Executing (default): SHOW INDEX FROM `serialized_units`
Executing (default): SELECT TABLE_NAME FROM INFORMATION_SCHEMA.TABLES WHERE TABLE_TYPE = 'BASE TABLE' AND TABLE_NAME = 'sales' AND TABLE_SCHEMA = 'movil_care'
Executing (default): SHOW INDEX FROM `sales`
Executing (default): SELECT TABLE_NAME FROM INFORMATION_SCHEMA.TABLES WHERE TABLE_TYPE = 'BASE TABLE' AND TABLE_NAME = 'sale_details' AND TABLE_SCHEMA = 'movil_care'
Executing (default): SHOW INDEX FROM `sale_details`
Executing (default): SELECT TABLE_NAME FROM INFORMATION_SCHEMA.TABLES WHERE TABLE_TYPE = 'BASE TABLE' AND TABLE_NAME = 'warranties' AND TABLE_SCHEMA = 'movil_care'
Executing (default): SHOW INDEX FROM `warranties`
Executing (default): SELECT TABLE_NAME FROM INFORMATION_SCHEMA.TABLES WHERE TABLE_TYPE = 'BASE TABLE' AND TABLE_NAME = 'service_orders' AND TABLE_SCHEMA = 'movil_care'
Executing (default): SHOW INDEX FROM `service_orders`
Executing (default): SELECT TABLE_NAME FROM INFORMATION_SCHEMA.TABLES WHERE TABLE_TYPE = 'BASE TABLE' AND TABLE_NAME = 'diagnostics' AND TABLE_SCHEMA = 'movil_care'
Executing (default): SHOW INDEX FROM `diagnostics`
Executing (default): SELECT TABLE_NAME FROM INFORMATION_SCHEMA.TABLES WHERE TABLE_TYPE = 'BASE TABLE' AND TABLE_NAME = 'service_authorizations' AND TABLE_SCHEMA = 'movil_care'
Executing (default): SHOW INDEX FROM `service_authorizations`
🚀 Servidor ejecutándose en puerto 4000
[32m[nodemon] restarting due to changes...[39m
[32m[nodemon] starting `ts-node src/server.ts`[39m
◇ injected env (8) from .env // tip: ⌘ enable debugging { debug: true }
[32m[nodemon] restarting due to changes...[39m
[32m[nodemon] restarting due to changes...[39m
[32m[nodemon] starting `ts-node src/server.ts`[39m
[32m[nodemon] restarting due to changes...[39m
[32m[nodemon] starting `ts-node src/server.ts`[39m
◇ injected env (8) from .env // tip: ⌘ suppress logs { quiet: true }
◇ injected env (0) from .env // tip: ⌘ custom filepath { path: '/custom/path/.env' }
📘 Swagger UI: /api/docs | OpenAPI JSON: /api/docs.json
Executing (default): SELECT 1+1 AS result
MySQL connection established
Executing (default): SELECT TABLE_NAME FROM INFORMATION_SCHEMA.TABLES WHERE TABLE_TYPE = 'BASE TABLE' AND TABLE_NAME = 'product_types' AND TABLE_SCHEMA = 'movil_care'
Executing (default): SHOW INDEX FROM `product_types`
Executing (default): SELECT TABLE_NAME FROM INFORMATION_SCHEMA.TABLES WHERE TABLE_TYPE = 'BASE TABLE' AND TABLE_NAME = 'products' AND TABLE_SCHEMA = 'movil_care'
Executing (default): SHOW INDEX FROM `products`
Executing (default): SELECT TABLE_NAME FROM INFORMATION_SCHEMA.TABLES WHERE TABLE_TYPE = 'BASE TABLE' AND TABLE_NAME = 'customers' AND TABLE_SCHEMA = 'movil_care'
Executing (default): SHOW INDEX FROM `customers`
Executing (default): SELECT TABLE_NAME FROM INFORMATION_SCHEMA.TABLES WHERE TABLE_TYPE = 'BASE TABLE' AND TABLE_NAME = 'employees' AND TABLE_SCHEMA = 'movil_care'
Executing (default): SHOW INDEX FROM `employees`
Executing (default): SELECT TABLE_NAME FROM INFORMATION_SCHEMA.TABLES WHERE TABLE_TYPE = 'BASE TABLE' AND TABLE_NAME = 'spare_parts' AND TABLE_SCHEMA = 'movil_care'
Executing (default): SHOW INDEX FROM `spare_parts`
Executing (default): SELECT TABLE_NAME FROM INFORMATION_SCHEMA.TABLES WHERE TABLE_TYPE = 'BASE TABLE' AND TABLE_NAME = 'serialized_units' AND TABLE_SCHEMA = 'movil_care'
Executing (default): SHOW INDEX FROM `serialized_units`
Executing (default): SELECT TABLE_NAME FROM INFORMATION_SCHEMA.TABLES WHERE TABLE_TYPE = 'BASE TABLE' AND TABLE_NAME = 'sales' AND TABLE_SCHEMA = 'movil_care'
Executing (default): SHOW INDEX FROM `sales`
Executing (default): SELECT TABLE_NAME FROM INFORMATION_SCHEMA.TABLES WHERE TABLE_TYPE = 'BASE TABLE' AND TABLE_NAME = 'sale_details' AND TABLE_SCHEMA = 'movil_care'
Executing (default): SHOW INDEX FROM `sale_details`
Executing (default): SELECT TABLE_NAME FROM INFORMATION_SCHEMA.TABLES WHERE TABLE_TYPE = 'BASE TABLE' AND TABLE_NAME = 'warranties' AND TABLE_SCHEMA = 'movil_care'
Executing (default): SHOW INDEX FROM `warranties`
Executing (default): SELECT TABLE_NAME FROM INFORMATION_SCHEMA.TABLES WHERE TABLE_TYPE = 'BASE TABLE' AND TABLE_NAME = 'service_orders' AND TABLE_SCHEMA = 'movil_care'
Executing (default): SHOW INDEX FROM `service_orders`
Executing (default): SELECT TABLE_NAME FROM INFORMATION_SCHEMA.TABLES WHERE TABLE_TYPE = 'BASE TABLE' AND TABLE_NAME = 'diagnostics' AND TABLE_SCHEMA = 'movil_care'
Executing (default): SHOW INDEX FROM `diagnostics`
Executing (default): SELECT TABLE_NAME FROM INFORMATION_SCHEMA.TABLES WHERE TABLE_TYPE = 'BASE TABLE' AND TABLE_NAME = 'service_authorizations' AND TABLE_SCHEMA = 'movil_care'
Executing (default): SHOW INDEX FROM `service_authorizations`
🚀 Servidor ejecutándose en puerto 4000
[32m[nodemon] restarting due to changes...[39m
[32m[nodemon] starting `ts-node src/server.ts`[39m
[32m[nodemon] restarting due to changes...[39m
[32m[nodemon] starting `ts-node src/server.ts`[39m
◇ injected env (8) from .env // tip: ⌘ custom filepath { path: '/custom/path/.env' }
[32m[nodemon] restarting due to changes...[39m
[32m[nodemon] starting `ts-node src/server.ts`[39m
[32m[nodemon] restarting due to changes...[39m
[32m[nodemon] starting `ts-node src/server.ts`[39m
◇ injected env (8) from .env // tip: ◈ secrets for agents [www.dotenvx.com]
/home/andrs_moscote/ia-lab/dw/dw-2026-ANDRES7705/proyects/movil_care/app-movilcare-express/node_modules/ts-node/src/index.ts:859
    return new TSError(diagnosticText, diagnosticCodes, diagnostics);
           ^
TSError: ⨯ Unable to compile TypeScript:
src/routes/index.ts(5,8): error TS2300: Duplicate identifier 'productTypesRouter'.
src/routes/index.ts(6,8): error TS2300: Duplicate identifier 'productTypesRouter'.

    at createTSError (/home/andrs_moscote/ia-lab/dw/dw-2026-ANDRES7705/proyects/movil_care/app-movilcare-express/node_modules/ts-node/src/index.ts:859:12)
    at reportTSError (/home/andrs_moscote/ia-lab/dw/dw-2026-ANDRES7705/proyects/movil_care/app-movilcare-express/node_modules/ts-node/src/index.ts:863:19)
    at getOutput (/home/andrs_moscote/ia-lab/dw/dw-2026-ANDRES7705/proyects/movil_care/app-movilcare-express/node_modules/ts-node/src/index.ts:1077:36)
    at Object.compile (/home/andrs_moscote/ia-lab/dw/dw-2026-ANDRES7705/proyects/movil_care/app-movilcare-express/node_modules/ts-node/src/index.ts:1433:41)
    at Module.m._compile (/home/andrs_moscote/ia-lab/dw/dw-2026-ANDRES7705/proyects/movil_care/app-movilcare-express/node_modules/ts-node/src/index.ts:1617:30)
    at node:internal/modules/cjs/loader:1913:10
    at Object.require.extensions.<computed> [as .ts] (/home/andrs_moscote/ia-lab/dw/dw-2026-ANDRES7705/proyects/movil_care/app-movilcare-express/node_modules/ts-node/src/index.ts:1621:12)
    at Module.load (node:internal/modules/cjs/loader:1505:32)
    at Function._load (node:internal/modules/cjs/loader:1309:12)
    at wrapModuleLoad (node:internal/modules/cjs/loader:254:19) {
  diagnosticCodes: [ 2300, 2300 ]
}
[31m[nodemon] app crashed - waiting for file changes before starting...[39m
[32m[nodemon] restarting due to changes...[39m
[32m[nodemon] starting `ts-node src/server.ts`[39m
◇ injected env (8) from .env // tip: ⌘ enable debugging { debug: true }
[32m[nodemon] restarting due to changes...[39m
[32m[nodemon] starting `ts-node src/server.ts`[39m
◇ injected env (8) from .env // tip: ⌘ suppress logs { quiet: true }
◇ injected env (0) from .env // tip: ⌁ auth for agents [www.vestauth.com]
📘 Swagger UI: /api/docs | OpenAPI JSON: /api/docs.json
Executing (default): SELECT 1+1 AS result
MySQL connection established
Executing (default): SELECT TABLE_NAME FROM INFORMATION_SCHEMA.TABLES WHERE TABLE_TYPE = 'BASE TABLE' AND TABLE_NAME = 'product_types' AND TABLE_SCHEMA = 'movil_care'
Executing (default): SHOW INDEX FROM `product_types`
Executing (default): SELECT TABLE_NAME FROM INFORMATION_SCHEMA.TABLES WHERE TABLE_TYPE = 'BASE TABLE' AND TABLE_NAME = 'products' AND TABLE_SCHEMA = 'movil_care'
Executing (default): SHOW INDEX FROM `products`
Executing (default): SELECT TABLE_NAME FROM INFORMATION_SCHEMA.TABLES WHERE TABLE_TYPE = 'BASE TABLE' AND TABLE_NAME = 'customers' AND TABLE_SCHEMA = 'movil_care'
Executing (default): SHOW INDEX FROM `customers`
Executing (default): SELECT TABLE_NAME FROM INFORMATION_SCHEMA.TABLES WHERE TABLE_TYPE = 'BASE TABLE' AND TABLE_NAME = 'employees' AND TABLE_SCHEMA = 'movil_care'
Executing (default): SHOW INDEX FROM `employees`
Executing (default): SELECT TABLE_NAME FROM INFORMATION_SCHEMA.TABLES WHERE TABLE_TYPE = 'BASE TABLE' AND TABLE_NAME = 'spare_parts' AND TABLE_SCHEMA = 'movil_care'
Executing (default): SHOW INDEX FROM `spare_parts`
Executing (default): SELECT TABLE_NAME FROM INFORMATION_SCHEMA.TABLES WHERE TABLE_TYPE = 'BASE TABLE' AND TABLE_NAME = 'serialized_units' AND TABLE_SCHEMA = 'movil_care'
Executing (default): SHOW INDEX FROM `serialized_units`
Executing (default): SELECT TABLE_NAME FROM INFORMATION_SCHEMA.TABLES WHERE TABLE_TYPE = 'BASE TABLE' AND TABLE_NAME = 'sales' AND TABLE_SCHEMA = 'movil_care'
Executing (default): SHOW INDEX FROM `sales`
Executing (default): SELECT TABLE_NAME FROM INFORMATION_SCHEMA.TABLES WHERE TABLE_TYPE = 'BASE TABLE' AND TABLE_NAME = 'sale_details' AND TABLE_SCHEMA = 'movil_care'
Executing (default): SHOW INDEX FROM `sale_details`
Executing (default): SELECT TABLE_NAME FROM INFORMATION_SCHEMA.TABLES WHERE TABLE_TYPE = 'BASE TABLE' AND TABLE_NAME = 'warranties' AND TABLE_SCHEMA = 'movil_care'
Executing (default): SHOW INDEX FROM `warranties`
Executing (default): SELECT TABLE_NAME FROM INFORMATION_SCHEMA.TABLES WHERE TABLE_TYPE = 'BASE TABLE' AND TABLE_NAME = 'service_orders' AND TABLE_SCHEMA = 'movil_care'
Executing (default): SHOW INDEX FROM `service_orders`
Executing (default): SELECT TABLE_NAME FROM INFORMATION_SCHEMA.TABLES WHERE TABLE_TYPE = 'BASE TABLE' AND TABLE_NAME = 'diagnostics' AND TABLE_SCHEMA = 'movil_care'
Executing (default): SHOW INDEX FROM `diagnostics`
Executing (default): SELECT TABLE_NAME FROM INFORMATION_SCHEMA.TABLES WHERE TABLE_TYPE = 'BASE TABLE' AND TABLE_NAME = 'service_authorizations' AND TABLE_SCHEMA = 'movil_care'
Executing (default): SHOW INDEX FROM `service_authorizations`
Executing (default): SHOW FULL COLUMNS FROM `products`;
Executing (default): ALTER TABLE `products` ADD `product_type_id` BIGINT;
/home/andrs_moscote/ia-lab/dw/dw-2026-ANDRES7705/proyects/movil_care/app-movilcare-express/node_modules/sequelize/src/dialects/mysql/query.js:46
    const errForStack = new Error();
                        ^
Error
    at Query.run (/home/andrs_moscote/ia-lab/dw/dw-2026-ANDRES7705/proyects/movil_care/app-movilcare-express/node_modules/sequelize/src/dialects/mysql/query.js:46:25)
    at /home/andrs_moscote/ia-lab/dw/dw-2026-ANDRES7705/proyects/movil_care/app-movilcare-express/node_modules/sequelize/src/sequelize.js:650:28
    at processTicksAndRejections (node:internal/process/task_queues:103:5)
    at async MySQLQueryInterface.addColumn (/home/andrs_moscote/ia-lab/dw/dw-2026-ANDRES7705/proyects/movil_care/app-movilcare-express/node_modules/sequelize/src/dialects/abstract/query-interface.js:430:12)
    at async associateProductsWithProductTypes (/home/andrs_moscote/ia-lab/dw/dw-2026-ANDRES7705/proyects/movil_care/app-movilcare-express/src/databases/migrations/associate-products-with-product-types.ts:22:5)
    at async App.listen (/home/andrs_moscote/ia-lab/dw/dw-2026-ANDRES7705/proyects/movil_care/app-movilcare-express/src/config/index.ts:57:5)
    at async main (/home/andrs_moscote/ia-lab/dw/dw-2026-ANDRES7705/proyects/movil_care/app-movilcare-express/src/server.ts:5:5) {
  name: 'SequelizeDatabaseError',
  parent: Error: Duplicate column name 'product_type_id'
      at Packet.asError (/home/andrs_moscote/ia-lab/dw/dw-2026-ANDRES7705/proyects/movil_care/app-movilcare-express/node_modules/mysql2/lib/packets/packet.js:930:17)
      at Query.execute (/home/andrs_moscote/ia-lab/dw/dw-2026-ANDRES7705/proyects/movil_care/app-movilcare-express/node_modules/mysql2/lib/commands/command.js:29:26)
      at Connection.handlePacket (/home/andrs_moscote/ia-lab/dw/dw-2026-ANDRES7705/proyects/movil_care/app-movilcare-express/node_modules/mysql2/lib/base/connection.js:616:34)
      at PacketParser.onPacket (/home/andrs_moscote/ia-lab/dw/dw-2026-ANDRES7705/proyects/movil_care/app-movilcare-express/node_modules/mysql2/lib/base/connection.js:148:12)
      at PacketParser.executeStart (/home/andrs_moscote/ia-lab/dw/dw-2026-ANDRES7705/proyects/movil_care/app-movilcare-express/node_modules/mysql2/lib/packet_parser.js:86:16)
      at Socket.<anonymous> (/home/andrs_moscote/ia-lab/dw/dw-2026-ANDRES7705/proyects/movil_care/app-movilcare-express/node_modules/mysql2/lib/base/connection.js:156:25)
      at Socket.emit (node:events:519:28)
      at Socket.emit (node:domain:489:12)
      at addChunk (node:internal/streams/readable:561:12)
      at readableAddChunkPushByteMode (node:internal/streams/readable:512:3) {
    code: 'ER_DUP_FIELDNAME',
    errno: 1060,
    sqlState: '42S21',
    sqlMessage: "Duplicate column name 'product_type_id'",
    sql: 'ALTER TABLE `products` ADD `product_type_id` BIGINT;',
    parameters: undefined
  },
  original: Error: Duplicate column name 'product_type_id'
      at Packet.asError (/home/andrs_moscote/ia-lab/dw/dw-2026-ANDRES7705/proyects/movil_care/app-movilcare-express/node_modules/mysql2/lib/packets/packet.js:930:17)
      at Query.execute (/home/andrs_moscote/ia-lab/dw/dw-2026-ANDRES7705/proyects/movil_care/app-movilcare-express/node_modules/mysql2/lib/commands/command.js:29:26)
      at Connection.handlePacket (/home/andrs_moscote/ia-lab/dw/dw-2026-ANDRES7705/proyects/movil_care/app-movilcare-express/node_modules/mysql2/lib/base/connection.js:616:34)
      at PacketParser.onPacket (/home/andrs_moscote/ia-lab/dw/dw-2026-ANDRES7705/proyects/movil_care/app-movilcare-express/node_modules/mysql2/lib/base/connection.js:148:12)
      at PacketParser.executeStart (/home/andrs_moscote/ia-lab/dw/dw-2026-ANDRES7705/proyects/movil_care/app-movilcare-express/node_modules/mysql2/lib/packet_parser.js:86:16)
      at Socket.<anonymous> (/home/andrs_moscote/ia-lab/dw/dw-2026-ANDRES7705/proyects/movil_care/app-movilcare-express/node_modules/mysql2/lib/base/connection.js:156:25)
      at Socket.emit (node:events:519:28)
      at Socket.emit (node:domain:489:12)
      at addChunk (node:internal/streams/readable:561:12)
      at readableAddChunkPushByteMode (node:internal/streams/readable:512:3) {
    code: 'ER_DUP_FIELDNAME',
    errno: 1060,
    sqlState: '42S21',
    sqlMessage: "Duplicate column name 'product_type_id'",
    sql: 'ALTER TABLE `products` ADD `product_type_id` BIGINT;',
    parameters: undefined
  },
  sql: 'ALTER TABLE `products` ADD `product_type_id` BIGINT;',
  parameters: {}
}
[31m[nodemon] app crashed - waiting for file changes before starting...[39m
[32m[nodemon] restarting due to changes...[39m
[32m[nodemon] starting `ts-node src/server.ts`[39m
◇ injected env (8) from .env // tip: ⌘ custom filepath { path: '/custom/path/.env' }
◇ injected env (0) from .env // tip: ◈ secrets for agents [www.dotenvx.com]
📘 Swagger UI: /api/docs | OpenAPI JSON: /api/docs.json
Executing (default): SELECT 1+1 AS result
MySQL connection established
Executing (default): SELECT TABLE_NAME FROM INFORMATION_SCHEMA.TABLES WHERE TABLE_TYPE = 'BASE TABLE' AND TABLE_NAME = 'product_types' AND TABLE_SCHEMA = 'movil_care'
Executing (default): SHOW INDEX FROM `product_types`
Executing (default): SELECT TABLE_NAME FROM INFORMATION_SCHEMA.TABLES WHERE TABLE_TYPE = 'BASE TABLE' AND TABLE_NAME = 'products' AND TABLE_SCHEMA = 'movil_care'
Executing (default): SHOW INDEX FROM `products`
Executing (default): SELECT TABLE_NAME FROM INFORMATION_SCHEMA.TABLES WHERE TABLE_TYPE = 'BASE TABLE' AND TABLE_NAME = 'customers' AND TABLE_SCHEMA = 'movil_care'
Executing (default): SHOW INDEX FROM `customers`
Executing (default): SELECT TABLE_NAME FROM INFORMATION_SCHEMA.TABLES WHERE TABLE_TYPE = 'BASE TABLE' AND TABLE_NAME = 'employees' AND TABLE_SCHEMA = 'movil_care'
Executing (default): SHOW INDEX FROM `employees`
Executing (default): SELECT TABLE_NAME FROM INFORMATION_SCHEMA.TABLES WHERE TABLE_TYPE = 'BASE TABLE' AND TABLE_NAME = 'spare_parts' AND TABLE_SCHEMA = 'movil_care'
Executing (default): SHOW INDEX FROM `spare_parts`
Executing (default): SELECT TABLE_NAME FROM INFORMATION_SCHEMA.TABLES WHERE TABLE_TYPE = 'BASE TABLE' AND TABLE_NAME = 'serialized_units' AND TABLE_SCHEMA = 'movil_care'
Executing (default): SHOW INDEX FROM `serialized_units`
Executing (default): SELECT TABLE_NAME FROM INFORMATION_SCHEMA.TABLES WHERE TABLE_TYPE = 'BASE TABLE' AND TABLE_NAME = 'sales' AND TABLE_SCHEMA = 'movil_care'
Executing (default): SHOW INDEX FROM `sales`
Executing (default): SELECT TABLE_NAME FROM INFORMATION_SCHEMA.TABLES WHERE TABLE_TYPE = 'BASE TABLE' AND TABLE_NAME = 'sale_details' AND TABLE_SCHEMA = 'movil_care'
Executing (default): SHOW INDEX FROM `sale_details`
Executing (default): SELECT TABLE_NAME FROM INFORMATION_SCHEMA.TABLES WHERE TABLE_TYPE = 'BASE TABLE' AND TABLE_NAME = 'warranties' AND TABLE_SCHEMA = 'movil_care'
Executing (default): SHOW INDEX FROM `warranties`
Executing (default): SELECT TABLE_NAME FROM INFORMATION_SCHEMA.TABLES WHERE TABLE_TYPE = 'BASE TABLE' AND TABLE_NAME = 'service_orders' AND TABLE_SCHEMA = 'movil_care'
Executing (default): SHOW INDEX FROM `service_orders`
Executing (default): SELECT TABLE_NAME FROM INFORMATION_SCHEMA.TABLES WHERE TABLE_TYPE = 'BASE TABLE' AND TABLE_NAME = 'diagnostics' AND TABLE_SCHEMA = 'movil_care'
Executing (default): SHOW INDEX FROM `diagnostics`
Executing (default): SELECT TABLE_NAME FROM INFORMATION_SCHEMA.TABLES WHERE TABLE_TYPE = 'BASE TABLE' AND TABLE_NAME = 'service_authorizations' AND TABLE_SCHEMA = 'movil_care'
Executing (default): SHOW INDEX FROM `service_authorizations`
Executing (default): SHOW FULL COLUMNS FROM `products`;
Executing (default): SELECT id, type FROM products WHERE product_type_id IS NULL
Executing (default): SELECT count(*) AS `count` FROM `products` AS `Product` WHERE `Product`.`product_type_id` IS NULL;
Executing (default): SELECT products.id
     FROM products
     LEFT JOIN product_types ON product_types.id = products.product_type_id
     WHERE product_types.id IS NULL
Executing (default): ALTER TABLE `products` CHANGE `product_type_id` `product_type_id` BIGINT NOT NULL;
Executing (default): SELECT CONSTRAINT_NAME AS constraint_name
     FROM INFORMATION_SCHEMA.KEY_COLUMN_USAGE
     WHERE TABLE_SCHEMA = DATABASE()
       AND TABLE_NAME = 'products'
       AND COLUMN_NAME = 'product_type_id'
       AND REFERENCED_TABLE_NAME = 'product_types'
Executing (default): ALTER TABLE `products` ADD CONSTRAINT `fk_products_product_type_id` FOREIGN KEY (`product_type_id`) REFERENCES `product_types` (`id`) ON UPDATE CASCADE ON DELETE RESTRICT;
/home/andrs_moscote/ia-lab/dw/dw-2026-ANDRES7705/proyects/movil_care/app-movilcare-express/node_modules/sequelize/src/dialects/mysql/query.js:46
    const errForStack = new Error();
                        ^
Error
    at Query.run (/home/andrs_moscote/ia-lab/dw/dw-2026-ANDRES7705/proyects/movil_care/app-movilcare-express/node_modules/sequelize/src/dialects/mysql/query.js:46:25)
    at /home/andrs_moscote/ia-lab/dw/dw-2026-ANDRES7705/proyects/movil_care/app-movilcare-express/node_modules/sequelize/src/sequelize.js:650:28
    at processTicksAndRejections (node:internal/process/task_queues:103:5)
    at async MySQLQueryInterface.addConstraint (/home/andrs_moscote/ia-lab/dw/dw-2026-ANDRES7705/proyects/movil_care/app-movilcare-express/node_modules/sequelize/src/dialects/abstract/query-interface.js:768:12)
    at async associateProductsWithProductTypes (/home/andrs_moscote/ia-lab/dw/dw-2026-ANDRES7705/proyects/movil_care/app-movilcare-express/src/databases/migrations/associate-products-with-product-types.ts:92:5)
    at async App.listen (/home/andrs_moscote/ia-lab/dw/dw-2026-ANDRES7705/proyects/movil_care/app-movilcare-express/src/config/index.ts:57:5)
    at async main (/home/andrs_moscote/ia-lab/dw/dw-2026-ANDRES7705/proyects/movil_care/app-movilcare-express/src/server.ts:5:5) {
  name: 'SequelizeDatabaseError',
  parent: Error: Duplicate foreign key constraint name 'fk_products_product_type_id'
      at Packet.asError (/home/andrs_moscote/ia-lab/dw/dw-2026-ANDRES7705/proyects/movil_care/app-movilcare-express/node_modules/mysql2/lib/packets/packet.js:930:17)
      at Query.execute (/home/andrs_moscote/ia-lab/dw/dw-2026-ANDRES7705/proyects/movil_care/app-movilcare-express/node_modules/mysql2/lib/commands/command.js:29:26)
      at Connection.handlePacket (/home/andrs_moscote/ia-lab/dw/dw-2026-ANDRES7705/proyects/movil_care/app-movilcare-express/node_modules/mysql2/lib/base/connection.js:616:34)
      at PacketParser.onPacket (/home/andrs_moscote/ia-lab/dw/dw-2026-ANDRES7705/proyects/movil_care/app-movilcare-express/node_modules/mysql2/lib/base/connection.js:148:12)
      at PacketParser.executeStart (/home/andrs_moscote/ia-lab/dw/dw-2026-ANDRES7705/proyects/movil_care/app-movilcare-express/node_modules/mysql2/lib/packet_parser.js:86:16)
      at Socket.<anonymous> (/home/andrs_moscote/ia-lab/dw/dw-2026-ANDRES7705/proyects/movil_care/app-movilcare-express/node_modules/mysql2/lib/base/connection.js:156:25)
      at Socket.emit (node:events:519:28)
      at Socket.emit (node:domain:489:12)
      at addChunk (node:internal/streams/readable:561:12)
      at readableAddChunkPushByteMode (node:internal/streams/readable:512:3) {
    code: 'ER_FK_DUP_NAME',
    errno: 1826,
    sqlState: 'HY000',
    sqlMessage: "Duplicate foreign key constraint name 'fk_products_product_type_id'",
    sql: 'ALTER TABLE `products` ADD CONSTRAINT `fk_products_product_type_id` FOREIGN KEY (`product_type_id`) REFERENCES `product_types` (`id`) ON UPDATE CASCADE ON DELETE RESTRICT;',
    parameters: undefined
  },
  original: Error: Duplicate foreign key constraint name 'fk_products_product_type_id'
      at Packet.asError (/home/andrs_moscote/ia-lab/dw/dw-2026-ANDRES7705/proyects/movil_care/app-movilcare-express/node_modules/mysql2/lib/packets/packet.js:930:17)
      at Query.execute (/home/andrs_moscote/ia-lab/dw/dw-2026-ANDRES7705/proyects/movil_care/app-movilcare-express/node_modules/mysql2/lib/commands/command.js:29:26)
      at Connection.handlePacket (/home/andrs_moscote/ia-lab/dw/dw-2026-ANDRES7705/proyects/movil_care/app-movilcare-express/node_modules/mysql2/lib/base/connection.js:616:34)
      at PacketParser.onPacket (/home/andrs_moscote/ia-lab/dw/dw-2026-ANDRES7705/proyects/movil_care/app-movilcare-express/node_modules/mysql2/lib/base/connection.js:148:12)
      at PacketParser.executeStart (/home/andrs_moscote/ia-lab/dw/dw-2026-ANDRES7705/proyects/movil_care/app-movilcare-express/node_modules/mysql2/lib/packet_parser.js:86:16)
      at Socket.<anonymous> (/home/andrs_moscote/ia-lab/dw/dw-2026-ANDRES7705/proyects/movil_care/app-movilcare-express/node_modules/mysql2/lib/base/connection.js:156:25)
      at Socket.emit (node:events:519:28)
      at Socket.emit (node:domain:489:12)
      at addChunk (node:internal/streams/readable:561:12)
      at readableAddChunkPushByteMode (node:internal/streams/readable:512:3) {
    code: 'ER_FK_DUP_NAME',
    errno: 1826,
    sqlState: 'HY000',
    sqlMessage: "Duplicate foreign key constraint name 'fk_products_product_type_id'",
    sql: 'ALTER TABLE `products` ADD CONSTRAINT `fk_products_product_type_id` FOREIGN KEY (`product_type_id`) REFERENCES `product_types` (`id`) ON UPDATE CASCADE ON DELETE RESTRICT;',
    parameters: undefined
  },
  sql: 'ALTER TABLE `products` ADD CONSTRAINT `fk_products_product_type_id` FOREIGN KEY (`product_type_id`) REFERENCES `product_types` (`id`) ON UPDATE CASCADE ON DELETE RESTRICT;',
  parameters: {}
}
[31m[nodemon] app crashed - waiting for file changes before starting...[39m
[32m[nodemon] restarting due to changes...[39m
[32m[nodemon] starting `ts-node src/server.ts`[39m
[32m[nodemon] restarting due to changes...[39m
[32m[nodemon] starting `ts-node src/server.ts`[39m
◇ injected env (8) from .env // tip: ⌘ enable debugging { debug: true }
◇ injected env (0) from .env // tip: ⌘ custom filepath { path: '/custom/path/.env' }
📘 Swagger UI: /api/docs | OpenAPI JSON: /api/docs.json
Executing (default): SELECT 1+1 AS result
MySQL connection established
Executing (default): SELECT TABLE_NAME FROM INFORMATION_SCHEMA.TABLES WHERE TABLE_TYPE = 'BASE TABLE' AND TABLE_NAME = 'product_types' AND TABLE_SCHEMA = 'movil_care'
Executing (default): SHOW INDEX FROM `product_types`
Executing (default): SELECT TABLE_NAME FROM INFORMATION_SCHEMA.TABLES WHERE TABLE_TYPE = 'BASE TABLE' AND TABLE_NAME = 'products' AND TABLE_SCHEMA = 'movil_care'
Executing (default): SHOW INDEX FROM `products`
Executing (default): SELECT TABLE_NAME FROM INFORMATION_SCHEMA.TABLES WHERE TABLE_TYPE = 'BASE TABLE' AND TABLE_NAME = 'customers' AND TABLE_SCHEMA = 'movil_care'
Executing (default): SHOW INDEX FROM `customers`
Executing (default): SELECT TABLE_NAME FROM INFORMATION_SCHEMA.TABLES WHERE TABLE_TYPE = 'BASE TABLE' AND TABLE_NAME = 'employees' AND TABLE_SCHEMA = 'movil_care'
Executing (default): SHOW INDEX FROM `employees`
Executing (default): SELECT TABLE_NAME FROM INFORMATION_SCHEMA.TABLES WHERE TABLE_TYPE = 'BASE TABLE' AND TABLE_NAME = 'spare_parts' AND TABLE_SCHEMA = 'movil_care'
Executing (default): SHOW INDEX FROM `spare_parts`
Executing (default): SELECT TABLE_NAME FROM INFORMATION_SCHEMA.TABLES WHERE TABLE_TYPE = 'BASE TABLE' AND TABLE_NAME = 'serialized_units' AND TABLE_SCHEMA = 'movil_care'
Executing (default): SHOW INDEX FROM `serialized_units`
Executing (default): SELECT TABLE_NAME FROM INFORMATION_SCHEMA.TABLES WHERE TABLE_TYPE = 'BASE TABLE' AND TABLE_NAME = 'sales' AND TABLE_SCHEMA = 'movil_care'
Executing (default): SHOW INDEX FROM `sales`
Executing (default): SELECT TABLE_NAME FROM INFORMATION_SCHEMA.TABLES WHERE TABLE_TYPE = 'BASE TABLE' AND TABLE_NAME = 'sale_details' AND TABLE_SCHEMA = 'movil_care'
Executing (default): SHOW INDEX FROM `sale_details`
Executing (default): SELECT TABLE_NAME FROM INFORMATION_SCHEMA.TABLES WHERE TABLE_TYPE = 'BASE TABLE' AND TABLE_NAME = 'warranties' AND TABLE_SCHEMA = 'movil_care'
Executing (default): SHOW INDEX FROM `warranties`
Executing (default): SELECT TABLE_NAME FROM INFORMATION_SCHEMA.TABLES WHERE TABLE_TYPE = 'BASE TABLE' AND TABLE_NAME = 'service_orders' AND TABLE_SCHEMA = 'movil_care'
Executing (default): SHOW INDEX FROM `service_orders`
Executing (default): SELECT TABLE_NAME FROM INFORMATION_SCHEMA.TABLES WHERE TABLE_TYPE = 'BASE TABLE' AND TABLE_NAME = 'diagnostics' AND TABLE_SCHEMA = 'movil_care'
Executing (default): SHOW INDEX FROM `diagnostics`
Executing (default): SELECT TABLE_NAME FROM INFORMATION_SCHEMA.TABLES WHERE TABLE_TYPE = 'BASE TABLE' AND TABLE_NAME = 'service_authorizations' AND TABLE_SCHEMA = 'movil_care'
Executing (default): SHOW INDEX FROM `service_authorizations`
Executing (default): SHOW FULL COLUMNS FROM `products`;
Executing (default): SELECT id, type FROM products WHERE product_type_id IS NULL
Executing (default): SELECT count(*) AS `count` FROM `products` AS `Product` WHERE `Product`.`product_type_id` IS NULL;
Executing (default): SELECT products.id
     FROM products
     LEFT JOIN product_types ON product_types.id = products.product_type_id
     WHERE product_types.id IS NULL
Executing (default): ALTER TABLE `products` CHANGE `product_type_id` `product_type_id` BIGINT NOT NULL;
Executing (default): SELECT CONSTRAINT_NAME AS constraint_name
     FROM INFORMATION_SCHEMA.KEY_COLUMN_USAGE
     WHERE TABLE_SCHEMA = DATABASE()
       AND TABLE_NAME = 'products'
       AND COLUMN_NAME = 'product_type_id'
       AND REFERENCED_TABLE_NAME = 'product_types'
🚀 Servidor ejecutándose en puerto 4000
[32m[nodemon] clean exit - waiting for changes before restart[39m
[32m[nodemon] restarting due to changes...[39m
[32m[nodemon] starting `ts-node src/server.ts`[39m
[32m[nodemon] restarting due to changes...[39m
[32m[nodemon] starting `ts-node src/server.ts`[39m
◇ injected env (8) from .env // tip: ⌘ multiple files { path: ['.env.local', '.env'] }
[32m[nodemon] restarting due to changes...[39m
[32m[nodemon] starting `ts-node src/server.ts`[39m
◇ injected env (8) from .env // tip: ⌘ suppress logs { quiet: true }
◇ injected env (0) from .env // tip: ⌘ enable debugging { debug: true }
📘 Swagger UI: /api/docs | OpenAPI JSON: /api/docs.json
Executing (default): SELECT 1+1 AS result
MySQL connection established
Executing (default): SELECT TABLE_NAME FROM INFORMATION_SCHEMA.TABLES WHERE TABLE_TYPE = 'BASE TABLE' AND TABLE_NAME = 'product_types' AND TABLE_SCHEMA = 'movil_care'
Executing (default): SHOW INDEX FROM `product_types`
Executing (default): SELECT TABLE_NAME FROM INFORMATION_SCHEMA.TABLES WHERE TABLE_TYPE = 'BASE TABLE' AND TABLE_NAME = 'products' AND TABLE_SCHEMA = 'movil_care'
Executing (default): SHOW INDEX FROM `products`
Executing (default): SELECT TABLE_NAME FROM INFORMATION_SCHEMA.TABLES WHERE TABLE_TYPE = 'BASE TABLE' AND TABLE_NAME = 'customers' AND TABLE_SCHEMA = 'movil_care'
Executing (default): SHOW INDEX FROM `customers`
Executing (default): SELECT TABLE_NAME FROM INFORMATION_SCHEMA.TABLES WHERE TABLE_TYPE = 'BASE TABLE' AND TABLE_NAME = 'employees' AND TABLE_SCHEMA = 'movil_care'
Executing (default): SHOW INDEX FROM `employees`
Executing (default): SELECT TABLE_NAME FROM INFORMATION_SCHEMA.TABLES WHERE TABLE_TYPE = 'BASE TABLE' AND TABLE_NAME = 'spare_parts' AND TABLE_SCHEMA = 'movil_care'
Executing (default): SHOW INDEX FROM `spare_parts`
Executing (default): SELECT TABLE_NAME FROM INFORMATION_SCHEMA.TABLES WHERE TABLE_TYPE = 'BASE TABLE' AND TABLE_NAME = 'serialized_units' AND TABLE_SCHEMA = 'movil_care'
Executing (default): SHOW INDEX FROM `serialized_units`
Executing (default): SELECT TABLE_NAME FROM INFORMATION_SCHEMA.TABLES WHERE TABLE_TYPE = 'BASE TABLE' AND TABLE_NAME = 'sales' AND TABLE_SCHEMA = 'movil_care'
Executing (default): SHOW INDEX FROM `sales`
Executing (default): SELECT TABLE_NAME FROM INFORMATION_SCHEMA.TABLES WHERE TABLE_TYPE = 'BASE TABLE' AND TABLE_NAME = 'sale_details' AND TABLE_SCHEMA = 'movil_care'
Executing (default): SHOW INDEX FROM `sale_details`
Executing (default): SELECT TABLE_NAME FROM INFORMATION_SCHEMA.TABLES WHERE TABLE_TYPE = 'BASE TABLE' AND TABLE_NAME = 'warranties' AND TABLE_SCHEMA = 'movil_care'
Executing (default): SHOW INDEX FROM `warranties`
Executing (default): SELECT TABLE_NAME FROM INFORMATION_SCHEMA.TABLES WHERE TABLE_TYPE = 'BASE TABLE' AND TABLE_NAME = 'service_orders' AND TABLE_SCHEMA = 'movil_care'
Executing (default): SHOW INDEX FROM `service_orders`
Executing (default): SELECT TABLE_NAME FROM INFORMATION_SCHEMA.TABLES WHERE TABLE_TYPE = 'BASE TABLE' AND TABLE_NAME = 'diagnostics' AND TABLE_SCHEMA = 'movil_care'
Executing (default): SHOW INDEX FROM `diagnostics`
Executing (default): SELECT TABLE_NAME FROM INFORMATION_SCHEMA.TABLES WHERE TABLE_TYPE = 'BASE TABLE' AND TABLE_NAME = 'service_authorizations' AND TABLE_SCHEMA = 'movil_care'
Executing (default): SHOW INDEX FROM `service_authorizations`
Executing (default): SHOW FULL COLUMNS FROM `products`;
Executing (default): SELECT id, type FROM products WHERE product_type_id IS NULL
Executing (default): SELECT count(*) AS `count` FROM `products` AS `Product` WHERE `Product`.`product_type_id` IS NULL;
Executing (default): SELECT products.id
     FROM products
     LEFT JOIN product_types ON product_types.id = products.product_type_id
     WHERE product_types.id IS NULL
Executing (default): ALTER TABLE `products` CHANGE `product_type_id` `product_type_id` BIGINT NOT NULL;
Executing (default): SELECT CONSTRAINT_NAME AS constraint_name
     FROM INFORMATION_SCHEMA.KEY_COLUMN_USAGE
     WHERE TABLE_SCHEMA = DATABASE()
       AND TABLE_NAME = 'products'
       AND COLUMN_NAME = 'product_type_id'
       AND REFERENCED_TABLE_NAME = 'product_types'
🚀 Servidor ejecutándose en puerto 4000
[32m[nodemon] clean exit - waiting for changes before restart[39m
[32m[nodemon] restarting due to changes...[39m
[32m[nodemon] starting `ts-node src/server.ts`[39m
◇ injected env (8) from .env // tip: ⌘ multiple files { path: ['.env.local', '.env'] }
◇ injected env (0) from .env // tip: ⌘ custom filepath { path: '/custom/path/.env' }
📘 Swagger UI: /api/docs | OpenAPI JSON: /api/docs.json
Executing (default): SELECT 1+1 AS result
MySQL connection established
Executing (default): SELECT TABLE_NAME FROM INFORMATION_SCHEMA.TABLES WHERE TABLE_TYPE = 'BASE TABLE' AND TABLE_NAME = 'product_types' AND TABLE_SCHEMA = 'movil_care'
Executing (default): SHOW INDEX FROM `product_types`
Executing (default): SELECT TABLE_NAME FROM INFORMATION_SCHEMA.TABLES WHERE TABLE_TYPE = 'BASE TABLE' AND TABLE_NAME = 'products' AND TABLE_SCHEMA = 'movil_care'
Executing (default): SHOW INDEX FROM `products`
Executing (default): SELECT TABLE_NAME FROM INFORMATION_SCHEMA.TABLES WHERE TABLE_TYPE = 'BASE TABLE' AND TABLE_NAME = 'customers' AND TABLE_SCHEMA = 'movil_care'
Executing (default): SHOW INDEX FROM `customers`
Executing (default): SELECT TABLE_NAME FROM INFORMATION_SCHEMA.TABLES WHERE TABLE_TYPE = 'BASE TABLE' AND TABLE_NAME = 'employees' AND TABLE_SCHEMA = 'movil_care'
Executing (default): SHOW INDEX FROM `employees`
Executing (default): SELECT TABLE_NAME FROM INFORMATION_SCHEMA.TABLES WHERE TABLE_TYPE = 'BASE TABLE' AND TABLE_NAME = 'spare_parts' AND TABLE_SCHEMA = 'movil_care'
Executing (default): SHOW INDEX FROM `spare_parts`
Executing (default): SELECT TABLE_NAME FROM INFORMATION_SCHEMA.TABLES WHERE TABLE_TYPE = 'BASE TABLE' AND TABLE_NAME = 'serialized_units' AND TABLE_SCHEMA = 'movil_care'
Executing (default): SHOW INDEX FROM `serialized_units`
Executing (default): SELECT TABLE_NAME FROM INFORMATION_SCHEMA.TABLES WHERE TABLE_TYPE = 'BASE TABLE' AND TABLE_NAME = 'sales' AND TABLE_SCHEMA = 'movil_care'
Executing (default): SHOW INDEX FROM `sales`
Executing (default): SELECT TABLE_NAME FROM INFORMATION_SCHEMA.TABLES WHERE TABLE_TYPE = 'BASE TABLE' AND TABLE_NAME = 'sale_details' AND TABLE_SCHEMA = 'movil_care'
Executing (default): SHOW INDEX FROM `sale_details`
Executing (default): SELECT TABLE_NAME FROM INFORMATION_SCHEMA.TABLES WHERE TABLE_TYPE = 'BASE TABLE' AND TABLE_NAME = 'warranties' AND TABLE_SCHEMA = 'movil_care'
Executing (default): SHOW INDEX FROM `warranties`
Executing (default): SELECT TABLE_NAME FROM INFORMATION_SCHEMA.TABLES WHERE TABLE_TYPE = 'BASE TABLE' AND TABLE_NAME = 'service_orders' AND TABLE_SCHEMA = 'movil_care'
Executing (default): SHOW INDEX FROM `service_orders`
Executing (default): SELECT TABLE_NAME FROM INFORMATION_SCHEMA.TABLES WHERE TABLE_TYPE = 'BASE TABLE' AND TABLE_NAME = 'diagnostics' AND TABLE_SCHEMA = 'movil_care'
Executing (default): SHOW INDEX FROM `diagnostics`
Executing (default): SELECT TABLE_NAME FROM INFORMATION_SCHEMA.TABLES WHERE TABLE_TYPE = 'BASE TABLE' AND TABLE_NAME = 'service_authorizations' AND TABLE_SCHEMA = 'movil_care'
Executing (default): SHOW INDEX FROM `service_authorizations`
Executing (default): SHOW FULL COLUMNS FROM `products`;
Executing (default): SELECT id, type FROM products WHERE product_type_id IS NULL
Executing (default): SELECT count(*) AS `count` FROM `products` AS `Product` WHERE `Product`.`product_type_id` IS NULL;
Executing (default): SELECT products.id
     FROM products
     LEFT JOIN product_types ON product_types.id = products.product_type_id
     WHERE product_types.id IS NULL
Executing (default): SHOW FULL COLUMNS FROM `products`;
Executing (default): SELECT CONSTRAINT_NAME AS constraint_name
     FROM INFORMATION_SCHEMA.KEY_COLUMN_USAGE
     WHERE TABLE_SCHEMA = DATABASE()
       AND TABLE_NAME = 'products'
       AND COLUMN_NAME = 'product_type_id'
       AND REFERENCED_TABLE_NAME = 'product_types'
🚀 Servidor ejecutándose en puerto 4000
[32m[nodemon] clean exit - waiting for changes before restart[39m
